id_autore,nome_cognome,url_autore_wp,bio_html,foto_url
a-a,A.A.,https://www.ombreeluci.it/en/author/a-a/,,https://secure.gravatar.com/avatar/20dfe4823dd15bb4ee4b0a3baaa9aa8e21b9da1e216e039547886e47b1653f2b?s=256&d=mm&r=g,
admin,Redazione,https://www.ombreeluci.it/en/author/admin/,,https://secure.gravatar.com/avatar/e72a046cfeae01948d20a19397c54a8d5cf2a9e59dce578acb9e26e2fb33cb65?s=256&d=mm&r=g,
adriana-lunghi,Adriana Lunghi,https://www.ombreeluci.it/en/author/adriana-lunghi/,,https://secure.gravatar.com/avatar/3b41664e4b3e3e7509f7c56f43c2c9a6d63b39ad6c9bb668bad0663e7b86e66d?s=256&d=mm&r=g,
adrianaduci,Adriana Duci,https://www.ombreeluci.it/en/author/adrianaduci/,,https://secure.gravatar.com/avatar/4db646d1855fdf471424399347c2ece3a0807200e6f9f09b8d97fba754f90e0e?s=256&d=mm&r=g,
adriano-damato,Armando D'Amato,https://www.ombreeluci.it/en/author/adriano-damato/,,https://secure.gravatar.com/avatar/b26ca861a6a43da7f9c1c7752f880439d11ca916ace375543a6a1302e119fa17?s=256&d=mm&r=g,
adriano-ercolani,Adriano Ercolani,https://www.ombreeluci.it/en/author/adriano-ercolani/,,https://www.ombreeluci.it/wp-content/uploads/2019/11/adriano-ercolani-256x256.jpg,
agnes-auschitzky,Agnés Auschitzky,https://www.ombreeluci.it/en/author/agnes-auschitzky/,,https://secure.gravatar.com/avatar/c775100a8b0b9c00e98da46589e649e8acc0c4185aafb04c17c1d10190f79780?s=256&d=mm&r=g,
aioel,AiOel Intelligenza Artificiale,https://www.ombreeluci.it/en/author/aioel/,,https://www.ombreeluci.it/wp-content/uploads/2025/08/aieol-2-256x256.png,
alboino,boino,https://www.ombreeluci.it/en/author/alboino/,,https://secure.gravatar.com/avatar/31d2aae0dadd78e395bf1bc3f61dda04dfd941e8adbc8f2e49512dc3e3a51319?s=256&d=mm&r=g,
alejandra-del-mar-catapano,Alejandra del Mar Catapano,https://www.ombreeluci.it/en/author/alejandra-del-mar-catapano/,,https://secure.gravatar.com/avatar/99388e8b971fa6d38ac1efc2bb30407dc5b0f2f3d994df713ae9b01c64dcf56c?s=256&d=mm&r=g,
alessandra-conicchioli,Alessandra Conicchioli,https://www.ombreeluci.it/en/author/alessandra-conicchioli/,,https://www.ombreeluci.it/wp-content/uploads/2025/06/Alessandra-Conicchioli-256x256.jpg,
alessandra-del-duca,Alessandra Del Duca,https://www.ombreeluci.it/en/author/alessandra-del-duca/,,https://secure.gravatar.com/avatar/1069985afa1ef9704be37fbb9d40c6d30bccc978afcc68c885395b50c7bdb63c?s=256&d=mm&r=g,
alessandra-moraca,Alessandra Moraca,https://www.ombreeluci.it/en/author/alessandra-moraca/,,https://secure.gravatar.com/avatar/ab185f22243181b6ebc762e24e6c67ec57bae74e3df31ba5579d8b37d8c214ba?s=256&d=mm&r=g,
alessandra-zezza,Alessandra Zezza,https://www.ombreeluci.it/en/author/alessandra-zezza/,,https://www.ombreeluci.it/wp-content/uploads/2025/06/Alessandra-Zezza-256x256.jpg,
alexandre-jollien,Alexandre Jollien,https://www.ombreeluci.it/en/author/alexandre-jollien/,,https://secure.gravatar.com/avatar/99abd3726ad3101b04450d9db65ae30ed9acffe440fa6dcf59d677508ea2e3a8?s=256&d=mm&r=g,
andrea-cesarini,Andrea Cesarini,https://www.ombreeluci.it/en/author/andrea-cesarini/,,https://secure.gravatar.com/avatar/523a04593300d756ecf415358390bd229c1993a960eee24dc19c2324d7f6a563?s=256&d=mm&r=g,
andrea-ciattaglia,Andrea Ciattaglia,https://www.ombreeluci.it/en/author/andrea-ciattaglia/,,https://secure.gravatar.com/avatar/ad36472d2b9828662f4958a573605d47c514c05c2a20e38d4c4bfe70ed29850f?s=256&d=mm&r=g,
andrea-guglielmino,Andrea Guglielmino,https://www.ombreeluci.it/en/author/andrea-guglielmino/,,https://secure.gravatar.com/avatar/0626315daa4e2dc6872240fdc24fe992f314c43597dc45bd3ba7ffd5b80c0075?s=256&d=mm&r=g,
andrea-posa,Andrea Posa,https://www.ombreeluci.it/en/author/andrea-posa/,,https://secure.gravatar.com/avatar/c5bcfc0901493dc98bf865d22a60dbb1c6a936354f000b182378896eb431d449?s=256&d=mm&r=g,
andrea-zamperoni,Andrea Zamperoni,https://www.ombreeluci.it/en/author/andrea-zamperoni/,,https://secure.gravatar.com/avatar/3c6d03b9fbea0ecf151624a27af6f6d125766f1a4c9dda97d9390e8c4f86e5d1?s=256&d=mm&r=g,
andreroberti,André Roberti,https://www.ombreeluci.it/en/author/andreroberti/,,https://secure.gravatar.com/avatar/69b5c3c74a7509abd0095cbcbc40258e8e22dfb91430de205b4175fb0d4d2429?s=256&d=mm&r=g,
angela-gattulli,Angela Gattulli,https://www.ombreeluci.it/en/author/angela-gattulli/,,https://www.ombreeluci.it/wp-content/uploads/2023/04/gattulli-angela.jpg,
angela-grassi,Angela Grassi,https://www.ombreeluci.it/en/author/angela-grassi/,,https://www.ombreeluci.it/wp-content/uploads/2020/06/Angela-Grassi-256x256.jpg,
angelacusimano,Angela Cusimano,https://www.ombreeluci.it/en/author/angelacusimano/,,https://secure.gravatar.com/avatar/89d74ee946c3370504b5d96e67dc1b70cf8c8c1920416a852fe8f536925ee4c7?s=256&d=mm&r=g,
angelo-colacino,Angelo Colacino,https://www.ombreeluci.it/en/author/angelo-colacino/,,https://www.ombreeluci.it/wp-content/uploads/2023/05/angelo-colacino-256x256.webp,
anna-aluffi-pentini,Anna Aluffi Pentini,https://www.ombreeluci.it/en/author/anna-aluffi-pentini/,,https://www.ombreeluci.it/wp-content/uploads/2022/09/anna-aluffi-pentini-256x256.jpg,
anna-cece,Anna Cece,https://www.ombreeluci.it/en/author/anna-cece/,,https://secure.gravatar.com/avatar/339c418878506a21f7cd7f0dc23b80f2e3005a37435835eacd066c9389e6f559?s=256&d=mm&r=g,
anna-maria-agliano,Anna Maria Agliano,https://www.ombreeluci.it/en/author/anna-maria-agliano/,,https://secure.gravatar.com/avatar/44c888e3cab9da7509a2e2a88da28676fa287ebecfc4245d94d0667604b08a07?s=256&d=mm&r=g,
anna-maria-canonico,Anna Maria Canonico,https://www.ombreeluci.it/en/author/anna-maria-canonico/,,https://secure.gravatar.com/avatar/b486079626762e957d75852321f0ca151225dac43398679c855bce7bd7500b6f?s=256&d=mm&r=g,
anna-maria-de-rino,Anna Maria de Rino,https://www.ombreeluci.it/en/author/anna-maria-de-rino/,,https://www.ombreeluci.it/wp-content/uploads/2022/09/240610948_10222328574895490_6153904944284282252_n-256x256.webp,
anna-pensi,Anna Pensi,https://www.ombreeluci.it/en/author/anna-pensi/,,https://secure.gravatar.com/avatar/2a165df862dfa1c86756fe279e573b7d31288afbe8b4b53f61554db832a40728?s=256&d=mm&r=g,
anna-rita-cedroni,Anna Rita Cedroni,https://www.ombreeluci.it/en/author/anna-rita-cedroni/,,https://secure.gravatar.com/avatar/241cf1e5dd55f648f70a67b0fd6dbd35d7f366fcb4e1589d4034d11dbad013b7?s=256&d=mm&r=g,
anna-testa,Anna Testa,https://www.ombreeluci.it/en/author/anna-testa/,,https://secure.gravatar.com/avatar/325c668cd7fa939bebd02cd4dc54e44075c1fbd8c901c10037de75c92fc1450a?s=256&d=mm&r=g,
annamaria-manfucci,Annamaria Manfucci,https://www.ombreeluci.it/en/author/annamaria-manfucci/,,https://secure.gravatar.com/avatar/7802fd3e89f23af7a8fd3846b87efaa4bc9bc5a3ed43fa3bd4da5c257f99191c?s=256&d=mm&r=g,
anne-ortiz,Anne Ortiz,https://www.ombreeluci.it/en/author/anne-ortiz/,,https://secure.gravatar.com/avatar/0ae98b3c78603805cb5228b078d6d2643aa35ad692c46d490e9c6f2ec316f2db?s=256&d=mm&r=g,
annik-donelli,Annik Donelli,https://www.ombreeluci.it/en/author/annik-donelli/,,https://secure.gravatar.com/avatar/d383e7d3cdd47e6dcc5c8ffd635867c7ad9633e09d1dffc0b10b5b53bb21e12d?s=256&d=mm&r=g,
antonella-b,Antonella B.,https://www.ombreeluci.it/en/author/antonella-b/,,https://secure.gravatar.com/avatar/1aedbc6d626f15910f1a0349064125c254d454bb734152c8126670b0446f7384?s=256&d=mm&r=g,
antonella-bianchi,Antonella Bianchi,https://www.ombreeluci.it/en/author/antonella-bianchi/,,https://secure.gravatar.com/avatar/d29fb53b923b78689e015fd4ff7299fa67e0e19b481e645f805869def5e9f4df?s=256&d=mm&r=g,
antonello-damiani,Antonello Damiani,https://www.ombreeluci.it/en/author/antonello-damiani/,,https://secure.gravatar.com/avatar/ebd3daf55a6c0036bec3b9abdead66b0deabe408e82f2391dd216da40019de93?s=256&d=mm&r=g,
antonietta-pantone,Antonietta Pantone,https://www.ombreeluci.it/en/author/antonietta-pantone/,"Sono nata a Roma il 28/03/1990 dove vivo con mia madre e mia sorella gemella. Dal 2006 al 2011 ho frequentato il liceo psico pedagogico di Potenza, poi dal 2013 al 2016 ho frequentato quattro anni di Alberghiero sempre a Potenza. Sto in prima linea per combattere l’indifferenza contro la disabilità.",https://www.ombreeluci.it/wp-content/uploads/2023/05/Antonietta-autrice-min-256x256.jpg,
antonio-piscitelli,Antonio Piscitelli,https://www.ombreeluci.it/en/author/antonio-piscitelli/,,https://www.ombreeluci.it/wp-content/uploads/2025/03/antonio-piscitelli-256x256.jpg,
antoniomazzarotto,Antonio Mazzarotto,https://www.ombreeluci.it/en/author/antoniomazzarotto/,,https://www.ombreeluci.it/wp-content/uploads/2020/09/antonio-mazzarotto-256x256.jpg,
ari,Ari,https://www.ombreeluci.it/en/author/ari/,,https://secure.gravatar.com/avatar/a85e17e605f9440b3eabf65534461ebbec5ae34ea93f18b684427f88b8424bd7?s=256&d=mm&r=g,
arianna-giuliano,Arianna Giuliano,https://www.ombreeluci.it/en/author/arianna-giuliano/,,https://www.ombreeluci.it/wp-content/uploads/2023/03/Arianna-Giuliano-256x256.jpeg,
arnaud-franc,Arnaud Franc,https://www.ombreeluci.it/en/author/arnaud-franc/,,https://secure.gravatar.com/avatar/0e7377280f270ca4c98277c9a08fa6b770ec85af3ac1bd4cdace6fe3830139ea?s=256&d=mm&r=g,
beatrice-ghislandi,Beatrice Ghislandi,https://www.ombreeluci.it/en/author/beatrice-ghislandi/,,https://secure.gravatar.com/avatar/90606d047b237fe04cd444b10a8a5a839ce98a5293ac260805f3507647e13cf4?s=256&d=mm&r=g,
benedetta-bertolini,Benedetta Bertolini,https://www.ombreeluci.it/en/author/benedetta-bertolini/,,https://www.ombreeluci.it/wp-content/uploads/2020/09/benedetta-bertolini3-256x256.jpg,
benedetta-mattei,Benedetta Mattei,https://www.ombreeluci.it/en/author/benedetta-mattei/,"Nata a Roma il 1 gennaio 2004, Benedetta Mattei frequenta il primo anno all’Istituto alberghiero “Gioberti” a Trastevere, con l’obiettivo di lavorare come receptionist e cameriera. Sfruttando le sue conoscenze di ricette culinarie e ristoranti. Appassionata di sport, gioca a calcio da due stagioni nella squadra integrata della Roma e fa ginnastica ritmica da 10 anni. Ma il suo sport preferito è l’atletica leggera tra scatti brevi di velocità e salti in lungo e in alto. Tra le sue passioni ci sono il teatro – è un’accanita spettatrice regolarmente abbonata – e la musica: è protagonista nel Coro delle Mani Bianche della Scuola popolare di musica di Testaccio, partecipando a numerosi concerti in tutta Italia. Per completezza: Benedetta ha la sindrome di Down, al terzo giorno di vita le è stato ricostruito l’intestino, a un anno è stata operata al cuore e a due anni è stata aggredita dalla leucemia. Con la scuola, lo sport, il teatro e la musica – tessendo una rete di amicizie e opportunità (amica di tre Papi e di star dello sport e dello spettacolo) – sta personalmente costruendo una biografia che non sia una “cartella clinica”.",https://www.ombreeluci.it/wp-content/uploads/2023/05/Bendetta-Ottobre-2022-3-256x256.webp,
benny,Benny,https://www.ombreeluci.it/en/author/benny/,,https://secure.gravatar.com/avatar/9e378626dec35a704c8d17ea5f90d848bcdf1e1ab2f88d3467a0c8c5ed4138ec?s=256&d=mm&r=g,
benoit-malveaux,Benoit Malveaux,https://www.ombreeluci.it/en/author/benoit-malveaux/,,https://secure.gravatar.com/avatar/08fdf0a464646db909112c04a4df9af66e9b0ee066f4a0229a1a429756ef43c4?s=256&d=mm&r=g,
bernard-provoust,Bernard Provoust,https://www.ombreeluci.it/en/author/bernard-provoust/,,https://secure.gravatar.com/avatar/86e563f2c7eb8b80e9bae1349f1948596d13d8e95ba9488ca497f8a9d268ab88?s=256&d=mm&r=g,
betrice-pezzoli,Betrice Pezzoli,https://www.ombreeluci.it/en/author/betrice-pezzoli/,,https://secure.gravatar.com/avatar/0afc77844b63379f56bacda9b21dc8efd21c48d650a87d68cd329889f37220db?s=256&d=mm&r=g,
betty-collino,Betty Collino,https://www.ombreeluci.it/en/author/betty-collino/,,https://secure.gravatar.com/avatar/c683d36ff0cbe6d0c0f417c3a20d3ecb0576f22bd488c14e8e1e7c42d164d400?s=256&d=mm&r=g,
bianca-de-pascalis,Bianca De Pascalis,https://www.ombreeluci.it/en/author/bianca-de-pascalis/,,https://secure.gravatar.com/avatar/cfbfa71470d59b120c837afe53b80b14dbb6edbf91ef98f58b1d31a7a6ca6636?s=256&d=mm&r=g,
boris-sollazzo,Boris Sollazzo,https://www.ombreeluci.it/en/author/boris-sollazzo/,,https://www.ombreeluci.it/wp-content/uploads/2019/11/bors-sollazzo-2-e1573905106845-256x256.png,
brooksavera65,brooksavera65,https://www.ombreeluci.it/en/author/brooksavera65/,,https://secure.gravatar.com/avatar/f5021e3aef67a61eabd26e4a59782da5788a6dda15ad04557ae6154372fc44d8?s=256&d=mm&r=g,
bruno-galante,Bruno Galante,https://www.ombreeluci.it/en/author/bruno-galante/,,https://secure.gravatar.com/avatar/af72eb5b328128b0233e6876c20309c737bf6baaa85db4f776d8ddbf6bcf32f2?s=256&d=mm&r=g,
camille-proffit,Camille Proffit,https://www.ombreeluci.it/en/author/camille-proffit/,,https://secure.gravatar.com/avatar/021a01e05f9648cff258f53eb8e1ed1707ed75cbfd958a13892dfafe8101eb05?s=256&d=mm&r=g,
carla-fonzi-klieman,Carla Fonzi Klieman,https://www.ombreeluci.it/en/author/carla-fonzi-klieman/,,https://secure.gravatar.com/avatar/cd0dfebc6e72048e7ddb4d61226e0eb0b82f0b1fae67773c94e9ba50e5e1ba3d?s=256&d=mm&r=g,
carla-gaviraghi,Carla Gaviraghi,https://www.ombreeluci.it/en/author/carla-gaviraghi/,,https://secure.gravatar.com/avatar/69a715c13275cede35c6900348fef9ef54d98c9edc07bea2eeb9cb40efa9e4a7?s=256&d=mm&r=g,
carla-waked,Carla Waked,https://www.ombreeluci.it/en/author/carla-waked/,,https://secure.gravatar.com/avatar/7ad096624ffcf2454c49599176be7270b029bea415f118d0ea415f4d92200408?s=256&d=mm&r=g,
carlo-fornari,Carlo Fornari,https://www.ombreeluci.it/en/author/carlo-fornari/,,https://secure.gravatar.com/avatar/e9127af26bad67f3662ffa550625e62293d841c347007d7a488018fa06bc2429?s=256&d=mm&r=g,
carlo-gazzano,Carlo Gazzano,https://www.ombreeluci.it/en/author/carlo-gazzano/,,https://www.ombreeluci.it/wp-content/uploads/2025/06/Carlo-gazzano-avatar-256x256.jpg,
carlo-maria-fornari,Carlo Maria Fornari,https://www.ombreeluci.it/en/author/carlo-maria-fornari/,,https://secure.gravatar.com/avatar/00597d65f93a9383a3f62b09f81e4e639e5d6c444ab4526829f654b148cfbc2c?s=256&d=mm&r=g,
carlo-vecchiato,Carlo Vecchiato,https://www.ombreeluci.it/en/author/carlo-vecchiato/,,https://secure.gravatar.com/avatar/bcb6d103b8f2cf9157e4bcb35cb38bacdc3b0d276206437cd81e1aa4bea96d24?s=256&d=mm&r=g,
carlomartini,Carlo Maria Martini,https://www.ombreeluci.it/en/author/carlomartini/,,https://secure.gravatar.com/avatar/a019dd06471cdc024a53d6e95be755a441fb96c10086366e802ea22cd1a899a4?s=256&d=mm&r=g,
carole-irwin,Carole Irwin,https://www.ombreeluci.it/en/author/carole-irwin/,,https://secure.gravatar.com/avatar/43320f3cec930e0e9be62e770e2ce4ed241d39aa2f7390210c04ab37eabcaf43?s=256&d=mm&r=g,
caterina-mercurio-e-marco-panzeri,Caterina Mercurio Marco Panzeri,https://www.ombreeluci.it/en/author/caterina-mercurio-e-marco-panzeri/,,https://secure.gravatar.com/avatar/89d3550e04e70e16c4df7012856b5c6af5c713933826f811e3548e52799b195b?s=256&d=mm&r=g,
caterinabordon,Caterina Bordon,https://www.ombreeluci.it/en/author/caterinabordon/,,https://secure.gravatar.com/avatar/1f7afa0847bcc6d696193c35969ce7845fe1827cd7fc06ff45e354792d3f9db1?s=256&d=mm&r=g,
cecile-dermitas,Cécile d'Ermitas,https://www.ombreeluci.it/en/author/cecile-dermitas/,,https://secure.gravatar.com/avatar/7fd82500d13943bec1bb3aaf097c9ec6d7434bf1ae1c35f0949cf57d1054665d?s=256&d=mm&r=g,
ceciliacb,Cecilia Cattaneo Barbieri,https://www.ombreeluci.it/en/author/ceciliacb/,,https://secure.gravatar.com/avatar/6d4a1eac437a1d560381c4a73d9936963b997f557aa7b852fe406b1f5dc112bd?s=256&d=mm&r=g,
charlotte-lernount,Charlotte Lernount,https://www.ombreeluci.it/en/author/charlotte-lernount/,,https://secure.gravatar.com/avatar/3dd782933191e806eeea9cf2b340582100d567a395194fc275da831dbeaaf6be?s=256&d=mm&r=g,
chiara-gatti,Chiara Gatti,https://www.ombreeluci.it/en/author/chiara-gatti/,,https://www.ombreeluci.it/wp-content/uploads/2023/09/Chiara-Gatti-256x256.jpg,
christine-angles,Christine Anglès,https://www.ombreeluci.it/en/author/christine-angles/,,https://secure.gravatar.com/avatar/e906e153a1469c98d65f65e34ec19c8ca36439a086cd0b561e21228db76bd02c?s=256&d=mm&r=g,
claudia-cornacchione,Claudia Cornacchione,https://www.ombreeluci.it/en/author/claudia-cornacchione/,,https://secure.gravatar.com/avatar/681cb8fd0a3e0386df72f9f90a2f716e02f48a1a029d1c28494dbfc114b46f21?s=256&d=mm&r=g,
claudia-noviello,Claudia Noviello,https://www.ombreeluci.it/en/author/claudia-noviello/,,https://secure.gravatar.com/avatar/7175792355f20a8e12a37aa9f6a02f9466ea63a15d857f447012bb701e7fc863?s=256&d=mm&r=g,
claudio-cinus,Claudio Cinus,https://www.ombreeluci.it/en/author/claudio-cinus/,"Claudio Cinus ha sempre pensato che se la sua vita fosse un film, sarebbe diretto da Tsai Ming-liang: uno di quei “noiosi” film taiwanesi in cui non succede nulla per minuti e minuti… È nato a Cagliari e da lì non si è mosso per trent’anni, ma quando ha deciso di andarsene, lo ha fatto per vivere in due tra le città più belle del mondo – Venezia prima, Roma poi. Ha studiato all’università materie per cui non era portato, poi per fortuna ha ottenuto un lavoro da impiegato di cui è molto soddisfatto. Guarda così tanti film che quando ha qualche ricordo, non distingue più i suoi veri ricordi dalle sequenze dei film che ha visto; quasi sempre in lingua originale, di ogni genere e nazionalità, perché l’arte è il migliore mezzo per apprezzare le diversità e combattere l’omologazione.",https://secure.gravatar.com/avatar/26b69a158950f4e4198a590967741c8c39b66c2e7a63c8b90703a5354bf995fc?s=256&d=mm&r=g,
claudio-moriggia,Claudio Moriggia,https://www.ombreeluci.it/en/author/claudio-moriggia/,,https://secure.gravatar.com/avatar/2aa11d6a44577795f854e4656bee75fae3f4f516aacb423675ec6a199ee7e0e1?s=256&d=mm&r=g,
claudio-roncoroni,Claudio Roncoroni,https://www.ombreeluci.it/en/author/claudio-roncoroni/,,https://secure.gravatar.com/avatar/7a01927e85508e601c38cbc343f672415676fc480d78096e800167c0e745e758?s=256&d=mm&r=g,
cordula-neuhaus,Cordula Neuhaus,https://www.ombreeluci.it/en/author/cordula-neuhaus/,,https://secure.gravatar.com/avatar/6795e9168b35d91da28a5eefde2a7fbf9a03e100416f6bc74b388366918200f0?s=256&d=mm&r=g,
corinne-chatain,Corinne Chatain,https://www.ombreeluci.it/en/author/corinne-chatain/,,https://secure.gravatar.com/avatar/b2e445b2b9de893148b00fbccddd4e6975ef009295fc3c4b2fe266f294d7b2c3?s=256&d=mm&r=g,
corrado-dastoli,Corrado Dastoli,https://www.ombreeluci.it/en/author/corrado-dastoli/,,https://secure.gravatar.com/avatar/74995772c352b555a75961d539b3f19f2fa70f0da4070ce3e4b5f74b7c028c77?s=256&d=mm&r=g,
cristiana-vigli,Cristiana Vigli,https://www.ombreeluci.it/en/author/cristiana-vigli/,,https://secure.gravatar.com/avatar/ffcedb221528086fdc911033e42fd5f97ef6207ed781374cecf8d26ee47dba90?s=256&d=mm&r=g,
cristina-brundisini,Cristina Brundisini,https://www.ombreeluci.it/en/author/cristina-brundisini/,,https://secure.gravatar.com/avatar/6444dbec261c744e5dea59817f78db2e0b3f60d6f06ca9bed189318077c4e5c1?s=256&d=mm&r=g,
cristina-campanini,Cristina Campanini,https://www.ombreeluci.it/en/author/cristina-campanini/,,https://secure.gravatar.com/avatar/affd8afcd3355ff1338de4f54ca41c448e7d0fe2d59e78e53103d7702af0a047?s=256&d=mm&r=g,
cristina-cangemi-e-matteo-tobanelli,Cristina Cangemi Matteo Tobanelli,https://www.ombreeluci.it/en/author/cristina-cangemi-e-matteo-tobanelli/,,https://secure.gravatar.com/avatar/529bef81fb0d46762a432a2e5dbd880cd3f1c61a2e4735be5a9fb563ab7fd408?s=256&d=mm&r=g,
cristina-lo-jacono,Cristina Lo Jacono,https://www.ombreeluci.it/en/author/cristina-lo-jacono/,,https://secure.gravatar.com/avatar/629520692a788033a09414ae8d5b850dcaf1548777cbcecdc3e94e8f0c8b284e?s=256&d=mm&r=g,
cristina-marchese,Cristina Marchese,https://www.ombreeluci.it/en/author/cristina-marchese/,,https://secure.gravatar.com/avatar/539ed50af065c963937f835fac04795b38c0960dc799da4397dbba59aa43eca6?s=256&d=mm&r=g,
cristina-tersigni,Cristina Tersigni,https://www.ombreeluci.it/en/author/cristina-tersigni/,"Classe 1969, nel 2003 Mariangela Bertolini le chiese di collaborare per lo speciale su Fede e Luce: Cristina era nel Consiglio Nazionale dell’associazione ed era un utile tramite tra le comunità italiane – di cui raccontare vita e legami- e la redazione. Poi il momento si è allungato: con Tea ha cominciato a editare i testi, con Huberta a seguire i lettori, con Nicole e Natalia a immaginare nuovi temi, con Laura ad imparare da Sergio il taglio e incolla del giornale. Su tutte, Mariangela che con il suo cuore leggeva il mondo con incredibile chiarezza. E insegnava a raccontare il mistero del bene possibile nell’inatteso. A Fede e Luce dal 1988; laureata in psicologia a La Sapienza di Roma nel 1996. Sposata dal 1995 con Giovanni, hanno quattro figli e vivono a Roma dal 2000. Dal 2014 è direttore editoriale della rivista.",https://www.ombreeluci.it/wp-content/uploads/2024/11/cristina-tersigni-bio-colori-256x256.webp,
cristina-ventura,Cristina Ventura,https://www.ombreeluci.it/en/author/cristina-ventura/,,https://secure.gravatar.com/avatar/c7e4fa90e071a7e960c9e8ce8cfe81193b6e1c0558bcae65f9d9891504e20bac?s=256&d=mm&r=g,
cristobal-clavijo-zarate,Cristobal Clavijo Zàrate,https://www.ombreeluci.it/en/author/cristobal-clavijo-zarate/,,https://secure.gravatar.com/avatar/2e85bbd4fe6c6233f56605edef55b1554b473732b39a822b04a9612b1b042bcb?s=256&d=mm&r=g,
cyrill-donille,Cyrill Donille,https://www.ombreeluci.it/en/author/cyrill-donille/,,https://secure.gravatar.com/avatar/a67a5773b541ef550dd0b28991e4b7f6be53df006882641fdd11f9e8c2c5e4ad?s=256&d=mm&r=g,
cyrill-douillet,Cyrill Douillet,https://www.ombreeluci.it/en/author/cyrill-douillet/,,https://secure.gravatar.com/avatar/8c544c6657bf348b5e2727e123ea09a500603b77c07af30d4e07e5f1b242c6bd?s=256&d=mm&r=g,
daniela-guglietta,Daniela Guglietta,https://www.ombreeluci.it/en/author/daniela-guglietta/,,https://secure.gravatar.com/avatar/2f6e09c68ea7c7ad977f1947d3aba814e699b9ecf43cdcc4f46b52bbc5c30423?s=256&d=mm&r=g,
daniela-vinazza,Daniela Vinazza,https://www.ombreeluci.it/en/author/daniela-vinazza/,,https://secure.gravatar.com/avatar/b989a953b67c1599ae00322236ad77274c52e50d22c7bb88a88641d7f4d87a58?s=256&d=mm&r=g,
daniele-cabras,Daniele Cabras,https://www.ombreeluci.it/en/author/daniele-cabras/,,https://www.ombreeluci.it/wp-content/uploads/2020/09/daniele-cabras-256x256.jpg,
daniele-cogliandro,Daniele Cogliandro,https://www.ombreeluci.it/en/author/daniele-cogliandro/,,https://secure.gravatar.com/avatar/64bd634fd0d7cf4824c282c66b47b525b572ced002c1034e1f220e0006f6ba96?s=256&d=mm&r=g,
dany,Dany,https://www.ombreeluci.it/en/author/dany/,,https://secure.gravatar.com/avatar/f9783b991c6fd7cab06af2510a7802b97cc7f8611bc9b1c47b7d6047713ceacb?s=256&d=mm&r=g,
darbyelder31214,darbyelder31214,https://www.ombreeluci.it/en/author/darbyelder31214/,,https://secure.gravatar.com/avatar/b255c9d24b8305e7f91c60cb9aa15dc246322f30e3991aa83f4dc4adc095578d?s=256&d=mm&r=g,
dario-piersanti,Dario Piersanti,https://www.ombreeluci.it/en/author/dario-piersanti/,,https://secure.gravatar.com/avatar/b5eba73f359a13ad56e0764a18285809bf12c6e5a6bbf35a8eb8d963db93db12?s=256&d=mm&r=g,
davide,Davide,https://www.ombreeluci.it/en/author/davide/,,https://secure.gravatar.com/avatar/a145031713a24c59842e2d500925723b79787db46310bcd70a675462dea75054?s=256&d=mm&r=g,
davide-del-duca,Davide Del Duca,https://www.ombreeluci.it/en/author/davide-del-duca/,,https://www.ombreeluci.it/wp-content/uploads/2025/02/davide-del-duca.jpg,
davide-passeri,Davide Passeri,https://www.ombreeluci.it/en/author/davide-passeri/,,https://www.ombreeluci.it/wp-content/uploads/2024/02/davide-passeri-256x256.webp,
daviwilson,David Wilson,https://www.ombreeluci.it/en/author/daviwilson/,,https://secure.gravatar.com/avatar/317aeda2661d40542f0e73077d37d22349fdfc0c76eea3f2dd85f0ba4cb0fa7a?s=256&d=mm&r=g,
dda-e-maria-teresa,Edda e Maria Teresa,https://www.ombreeluci.it/en/author/dda-e-maria-teresa/,,https://secure.gravatar.com/avatar/bd67c4de0655483c091a6279e91300ae35d38111c02388b6b8ea9f725b0dbd18?s=256&d=mm&r=g,
delia-mitolo,Delia Mitolo,https://www.ombreeluci.it/en/author/delia-mitolo/,,https://secure.gravatar.com/avatar/e98465f0cc71cb3b30f716cfa44e1a6dc51554fe5bef0bae1cd98a00bb452923?s=256&d=mm&r=g,
domenico-e-filippo-pescosolido,Domenico e Filippo Pescosolido,https://www.ombreeluci.it/en/author/domenico-e-filippo-pescosolido/,,https://secure.gravatar.com/avatar/318bfe02618824e653599cbed617cf0bc2c84544277e577aadd34c986f476f12?s=256&d=mm&r=g,
don-andrea-lonardo,Andrea Lonardo,https://www.ombreeluci.it/en/author/don-andrea-lonardo/,,https://www.ombreeluci.it/wp-content/uploads/2025/06/andrea-lonardo-avatar-256x256.jpg,
don-antonino,Don Antonino,https://www.ombreeluci.it/en/author/don-antonino/,,https://secure.gravatar.com/avatar/910043f724c6ed3cf9ec95688da2f54611619532d503d4ac56418db2c6887b05?s=256&d=mm&r=g,
don-antonio-torresin,Antonio Torresin,https://www.ombreeluci.it/en/author/don-antonio-torresin/,,https://secure.gravatar.com/avatar/2c6607114fc5b66c1a8bd2b3a38fab6204ba6f651d2c81a91baaf3d9f1095904?s=256&d=mm&r=g,
don-enrico-cattaneo,Enrico Cattaneo,https://www.ombreeluci.it/en/author/don-enrico-cattaneo/,,https://secure.gravatar.com/avatar/fd453fb5bd0a44c368cabcda593a4d595b260bd07d7bd0c20b4b5a0c795bb4b0?s=256&d=mm&r=g,
don-giuseppe-alcamo,Don Giuseppe Alcamo,https://www.ombreeluci.it/en/author/don-giuseppe-alcamo/,,https://secure.gravatar.com/avatar/628648aacde875664414f33ddecb53cf6d004ceba5ca41ab0c9786cb80c5bdd6?s=256&d=mm&r=g,
don-paolo,Don Paolo,https://www.ombreeluci.it/en/author/don-paolo/,,https://secure.gravatar.com/avatar/41f9ad5d94968b76e9363e3a7a59c8bf6ce7f0ca930153deb6f2a7f052468d49?s=256&d=mm&r=g,
don-virginio-colmegna,Don Virginio Colmegna,https://www.ombreeluci.it/en/author/don-virginio-colmegna/,,https://secure.gravatar.com/avatar/a0985b6f290d9073b273d15cd38c6018695e064fdb5e54084002fee1772e18a1?s=256&d=mm&r=g,
don-vito-palmisano,Vito Palmisano,https://www.ombreeluci.it/en/author/don-vito-palmisano/,,https://www.ombreeluci.it/wp-content/uploads/2020/09/vito-palmisano-256x256.jpg,
donatella-marazzini,Donatella Marazzini,https://www.ombreeluci.it/en/author/donatella-marazzini/,,https://secure.gravatar.com/avatar/4e9c68deb1296431d9aa7ae542bbb73f427d38bbbebb391b1756af04ddff3727?s=256&d=mm&r=g,
dorota-swat,Dorota Swat,https://www.ombreeluci.it/en/author/dorota-swat/,,https://secure.gravatar.com/avatar/1c3233a6836b614bf91b81a0acb836b05b825123ea42081273d915e8e45dad1d?s=256&d=mm&r=g,
efrem-sardella,Efrem Sardella,https://www.ombreeluci.it/en/author/efrem-sardella/,,https://www.ombreeluci.it/wp-content/uploads/2023/03/Efrem-256x256.jpg,
elena-bernasconi,Elena Bernasconi,https://www.ombreeluci.it/en/author/elena-bernasconi/,,https://secure.gravatar.com/avatar/c7e86e4ed86592142213169945da0bdf60bf1e04a1d8562736cae1caf4ff5848?s=256&d=mm&r=g,
eleonora-secchi,Eleonora Secchi,https://www.ombreeluci.it/en/author/eleonora-secchi/,,https://secure.gravatar.com/avatar/cfb8dc43dbe48179e9c46ca1da00f32438d72fd79f04a6798fa3830c68d9a23c?s=256&d=mm&r=g,
elisa-de-felice,Elisa De Felice,https://www.ombreeluci.it/en/author/elisa-de-felice/,,https://secure.gravatar.com/avatar/50c78095fea1951ba316cddea81b7dea8c307e9818cf5f3bdef91df06f7fa2b2?s=256&d=mm&r=g,
elisa-sturlese,Elisa Sturlese,https://www.ombreeluci.it/en/author/elisa-sturlese/,,https://secure.gravatar.com/avatar/c864a127a53f73a201d63243f834c9c6e2ea8aa4ed6cb7c4e741167f15f487f7?s=256&d=mm&r=g,
elisabetta-de-rino,Elisabetta De Rino,https://www.ombreeluci.it/en/author/elisabetta-de-rino/,,https://secure.gravatar.com/avatar/a0fcc7746912b09ebc27b829cf40b221edabe4c210e2788fff5b4ad27e3cb1bb?s=256&d=mm&r=g,
elisabettaagliano,Elisabetta Aglianò,https://www.ombreeluci.it/en/author/elisabettaagliano/,,https://secure.gravatar.com/avatar/644ce9c1284c12850c3ebf66fcb07afb1dc711962f7e3e955442c9f13f7ceccb?s=256&d=mm&r=g,
elmira,Elmira Gani,https://www.ombreeluci.it/en/author/elmira/,,https://secure.gravatar.com/avatar/ef6f401d3cceb9b43f0c5be8e75dae0bf103f5a61ba0c18fca5a2b0318e9a75d?s=256&d=mm&r=g,
elvira-zaccagnino,Elvira Zaccagnino,https://www.ombreeluci.it/en/author/elvira-zaccagnino/,,https://secure.gravatar.com/avatar/cb746b4218654207bebe58ee82daa8795c18dfb45400d3fc03983f991f85adaf?s=256&d=mm&r=g,
elzbieta-steczkiewicz,Elzbieta Steczkiewicz,https://www.ombreeluci.it/en/author/elzbieta-steczkiewicz/,,https://secure.gravatar.com/avatar/f290a4a124669761a4735ee65d74944555a727642cb6f617199f1d038cb075d3?s=256&d=mm&r=g,
emanuele-attanasio,Emanuele Attanasio,https://www.ombreeluci.it/en/author/emanuele-attanasio/,,https://secure.gravatar.com/avatar/b406f41ac5ba2bf8f8d81e063e82e6f6b483443e54ef3c9a53e468cd81923d52?s=256&d=mm&r=g,
emanuele-mendola,Emanuele Mendola,https://www.ombreeluci.it/en/author/emanuele-mendola/,,https://secure.gravatar.com/avatar/3e15a388ba8161df1e48986c54b5e309b401ed6845162f0e59804210614796ba?s=256&d=mm&r=g,
emanuele-rauco,Emanuele Rauco,https://www.ombreeluci.it/en/author/emanuele-rauco/,,https://www.ombreeluci.it/wp-content/uploads/2019/11/emanuele-rauco-256x256.jpg,
emanuele-sapore,Emanuele Sapore,https://www.ombreeluci.it/en/author/emanuele-sapore/,,https://secure.gravatar.com/avatar/c3f14cab981add9311efb50341eb00f38ebff42fc343520470b994810f8a9b3a?s=256&d=mm&r=g,
enrica-baldini,Manrica Baldini,https://www.ombreeluci.it/en/author/enrica-baldini/,,https://secure.gravatar.com/avatar/3808df4af24b1df4e21663bdd4b1898bb39d6c3c3b13a404475d4db9ed2f9bcf?s=256&d=mm&r=g,
enrica-cofano,Enrica Cofano,https://www.ombreeluci.it/en/author/enrica-cofano/,,https://secure.gravatar.com/avatar/0e36db292a844b0bd64e6c5f9e55f7b52fc59f54305ab54422af9b0bcb82e86b?s=256&d=mm&r=g,
enrico-cattaneo-s-j,Enrico Cattaneo S.J.,https://www.ombreeluci.it/en/author/enrico-cattaneo-s-j/,,https://secure.gravatar.com/avatar/85276e4648d23ed85fbbb0852d8ed329d13b8dfe2f66d77c3b01170ba8b604e4?s=256&d=mm&r=g,
enrico-orofino,Enrico Orofino,https://www.ombreeluci.it/en/author/enrico-orofino/,,https://secure.gravatar.com/avatar/c8582793b5166b4ea9c967a0ca9ccd0e2f315dc5d31711f9612381fd1a559187?s=256&d=mm&r=g,
ezia-schiavone,Ezia Schiavone,https://www.ombreeluci.it/en/author/ezia-schiavone/,,https://secure.gravatar.com/avatar/e862aa8cb06f58fb00e40781f62de015206d4b4a14790f175cc6bd72f000c502?s=256&d=mm&r=g,
fabienne,Fabienne Clinquart,https://www.ombreeluci.it/en/author/fabienne/,,https://secure.gravatar.com/avatar/7b2c95f5072c80626b861d3cea08028a0051bf73971933aa5307898403e87e66?s=256&d=mm&r=g,
fabio-bronzini,Fabio Bronzini,https://www.ombreeluci.it/en/author/fabio-bronzini/,,https://www.ombreeluci.it/wp-content/uploads/2025/06/fabio-bronzini-avatar-256x256.jpg,
fabrizio-agliano,Fabrizio Aglianò,https://www.ombreeluci.it/en/author/fabrizio-agliano/,,https://secure.gravatar.com/avatar/c63efa6332cb498f6d8a3b1c89889701da8c4f12d95efcbb2e3a28f36abfaf73?s=256&d=mm&r=g,
fausta-guglielmi,Fausta Guglielmi,https://www.ombreeluci.it/en/author/fausta-guglielmi/,,https://secure.gravatar.com/avatar/174e895856917cbd105b2bcd3660f2a0b5542a71ca62bc70217f3eb301f87edc?s=256&d=mm&r=g,
federica-aliano,Federica Aliano,https://www.ombreeluci.it/en/author/federica-aliano/,,https://www.ombreeluci.it/wp-content/uploads/2019/11/federica-aliano--256x256.jpg,
federica-r-poleggi,Federica R. Poleggi,https://www.ombreeluci.it/en/author/federica-r-poleggi/,,https://secure.gravatar.com/avatar/4ec359544f5078a4399a6e9f4e9c4259bb5f7fb1dbd039b01e83cddd288de6e9?s=256&d=mm&r=g,
filippo-ascenzi,Filippo Ascenzi,https://www.ombreeluci.it/en/author/filippo-ascenzi/,,https://www.ombreeluci.it/wp-content/uploads/2020/10/filippo-ascenzi-256x256.jpg,
filippo-fantozzi,Filippo Fantozzi,https://www.ombreeluci.it/en/author/filippo-fantozzi/,,https://secure.gravatar.com/avatar/bdcdfc1378ba97bd64d5e43d20b537690e5c8c3451b053f406ff873fe3088cde?s=256&d=mm&r=g,
flaminia-cabras,Flaminia Cabras,https://www.ombreeluci.it/en/author/flaminia-cabras/,,https://secure.gravatar.com/avatar/c98821eb06a3ade39268b991f1c86be04a860dd703e2c961d19c899ef3653606?s=256&d=mm&r=g,
flora-atlante,Flora Atlante,https://www.ombreeluci.it/en/author/flora-atlante/,,https://www.ombreeluci.it/wp-content/uploads/2020/09/flora-atlante-256x256.jpg,
florence-chatel,Florence Chatel,https://www.ombreeluci.it/en/author/florence-chatel/,,https://secure.gravatar.com/avatar/53d21228742c024a74c2041bda08f1121236a6adec0f66b999210fabfcea99da?s=256&d=mm&r=g,
franca-forti-bulferi,Franca Forti Bulferi,https://www.ombreeluci.it/en/author/franca-forti-bulferi/,,https://secure.gravatar.com/avatar/dddfe74ee715553ad87f5d18177a2ebae341b007b259a42f6203de6529fb8d39?s=256&d=mm&r=g,
francesca-amici-di-simone,Associazione Amici di Simone,https://www.ombreeluci.it/en/author/francesca-amici-di-simone/,,https://secure.gravatar.com/avatar/4dc6f3a4608c14e5b60f71561d587cb334c02c5ebc248587ae383f96b1746689?s=256&d=mm&r=g,
francesca-cabrini,Francesca Cabrini,https://www.ombreeluci.it/en/author/francesca-cabrini/,,https://secure.gravatar.com/avatar/c95b66600ba0ea9a9e00a679aac33cf1e3924ea2a85489456b0780ff93865f19?s=256&d=mm&r=g,
francesca-de-rino,Francesca De Rino,https://www.ombreeluci.it/en/author/francesca-de-rino/,,https://www.ombreeluci.it/wp-content/uploads/2025/06/Francesca-Derino-256x256.webp,
francesca-giannulo,Francesca Giannulo,https://www.ombreeluci.it/en/author/francesca-giannulo/,,https://www.ombreeluci.it/wp-content/uploads/2022/07/francesca-giannulo-ombre-luci-256x256.jpg,
francesca-mancini,Francesca Mancini,https://www.ombreeluci.it/en/author/francesca-mancini/,,https://secure.gravatar.com/avatar/31484099b6768a13e65c6b241d5d7609a08dab98db5a06035631add3bc120469?s=256&d=mm&r=g,
francesca-poleggi,Francesca Poleggi,https://www.ombreeluci.it/en/author/francesca-poleggi/,,https://secure.gravatar.com/avatar/1502cfda2a0bcac682e051372935727a289107e626c0e90112ac50a6c290074e?s=256&d=mm&r=g,
francesco-gammarelli,Francesco Gammarelli,https://www.ombreeluci.it/en/author/francesco-gammarelli/,,https://secure.gravatar.com/avatar/7fef7159bfb0ed5454d7ec4402bd5fc80317cd19bd92e15d03474e444d070bb0?s=256&d=mm&r=g,
francesco-iellamo,Francesco Iellamo,https://www.ombreeluci.it/en/author/francesco-iellamo/,,https://secure.gravatar.com/avatar/0180fdf1265e35e6ddf209853129535f1c89d944ee112b16bbce8dc2569a91d3?s=256&d=mm&r=g,
francescobertolini,Francesco Bertolini,https://www.ombreeluci.it/en/author/francescobertolini/,,https://www.ombreeluci.it/wp-content/uploads/2020/09/francesco-bertolini-256x256.jpg,
friquette,Marie-Françoise (Friquette) Heyndrickx,https://www.ombreeluci.it/en/author/friquette/,,https://www.ombreeluci.it/wp-content/uploads/2019/03/Mariangela-Lourdes-Friquette-256x256.jpg,
g,G.,https://www.ombreeluci.it/en/author/g/,,https://secure.gravatar.com/avatar/57fb6f5103c43b46d80720a8d7b9b50bf31b9062bfad9188860eaf426eb5ce8f?s=256&d=mm&r=g,
gabriele-niola,Gabriele Niola,https://www.ombreeluci.it/en/author/gabriele-niola/,,https://www.ombreeluci.it/wp-content/uploads/2019/11/gabriele-niola-256x256.jpg,
gabriella-boyer,Gabriella Boyer,https://www.ombreeluci.it/en/author/gabriella-boyer/,,https://secure.gravatar.com/avatar/16a58cfb42b8a47444c594c9b104ab3f918247f2158c252324925c035a2c059a?s=256&d=mm&r=g,
gaia-valmarin,Gaia Valmarin,https://www.ombreeluci.it/en/author/gaia-valmarin/,,https://secure.gravatar.com/avatar/53c04d89e45dfddf5a529a3d4f330ada1cff27107c76057b8807eeb39487e3af?s=256&d=mm&r=g,
gerard-daucourt,Gérard Daucourt,https://www.ombreeluci.it/en/author/gerard-daucourt/,,https://secure.gravatar.com/avatar/5527c6faf54e949f8dd1b27471623e01ebbd6772e66918ca0444275ad8f1cb03?s=256&d=mm&r=g,
ghislain-du-chene,Ghislain du Chéné,https://www.ombreeluci.it/en/author/ghislain-du-chene/,,https://www.ombreeluci.it/wp-content/uploads/2023/06/Ghislain-du-Chene-Ombre-e-Luci-256x256.webp,
giada-di-vecchio,Giada Di Vecchio,https://www.ombreeluci.it/en/author/giada-di-vecchio/,,https://secure.gravatar.com/avatar/a82506799fea121513d4c969546c9dfe5d92bc3e846d045ec7a44afba8144e76?s=256&d=mm&r=g,
giampaolo-mattei,Giampaolo Mattei,https://www.ombreeluci.it/en/author/giampaolo-mattei/,,https://secure.gravatar.com/avatar/011b3d1f9cd349f211ed69f3cff7584a79bc3266eddc5250fe47308590e1795e?s=256&d=mm&r=g,
gian-carlo-zanon,Gian Carlo Zanon,https://www.ombreeluci.it/en/author/gian-carlo-zanon/,,https://secure.gravatar.com/avatar/a2bcd580be6ff4d5022a23363cef07fd38d5bc0cfe998ba57cce5678bc4f6ff5?s=256&d=mm&r=g,
giancarla-ferrari,Giancarla Ferrari,https://www.ombreeluci.it/en/author/giancarla-ferrari/,,https://secure.gravatar.com/avatar/7f96d1d8e3c79c8b2eb9ad2db3141a537ed4a7ee9330631aa22bf80c8ffa4218?s=256&d=mm&r=g,
gianfranco-ravasi,Gianfranco Ravasi,https://www.ombreeluci.it/en/author/gianfranco-ravasi/,,https://www.ombreeluci.it/wp-content/uploads/2023/06/Gianfranco-Ravasi-Ombre-e-Luci.webp,
gianluca-giardini,Gianluca Giardini,https://www.ombreeluci.it/en/author/gianluca-giardini/,,https://secure.gravatar.com/avatar/ca642f5eba3e02110c89a725ed19ff97fd12fbe9804cd3659ac23ce2f8407be3?s=256&d=mm&r=g,
gianluigi-visentini,Gianluigi Visentini,https://www.ombreeluci.it/en/author/gianluigi-visentini/,,https://secure.gravatar.com/avatar/d4faac404b1207c36149e73aa51b0d18c5a871dd65bf63c9c20e7504c81ddf37?s=256&d=mm&r=g,
gianna-maria,Gianna Maria,https://www.ombreeluci.it/en/author/gianna-maria/,,https://secure.gravatar.com/avatar/a467d529e9588414ec179b20d211fc8037eaea2e14a13b276f64ca2156213721?s=256&d=mm&r=g,
gianni-carparelli,Gianni Carparelli,https://www.ombreeluci.it/en/author/gianni-carparelli/,,https://secure.gravatar.com/avatar/408a7af20ca7439644c2e9312d764899a1ad2c8968067b572dcf520c4487017b?s=256&d=mm&r=g,
gianni-marmorini,Gianni Marmorini,https://www.ombreeluci.it/en/author/gianni-marmorini/,,https://secure.gravatar.com/avatar/8b6b46b56829133447b3cef6d0be3f73d3213a0b94cab14c06e5179c2ecad457?s=256&d=mm&r=g,
gianni-verni,Gianni Verni,https://www.ombreeluci.it/en/author/gianni-verni/,,https://secure.gravatar.com/avatar/b723f2fe2d7e8c5aa67f2ac049e6f9629bff5c4d04a775a1dbb95f242d7e29e0?s=256&d=mm&r=g,
giorgia-fontani,Giorgia Fontani,https://www.ombreeluci.it/en/author/giorgia-fontani/,,https://www.ombreeluci.it/wp-content/uploads/2021/08/Giorgia-Fontani-2-256x256.jpg,
giorgiana-tinazzo,Giorgiana Tinazzo,https://www.ombreeluci.it/en/author/giorgiana-tinazzo/,,https://secure.gravatar.com/avatar/f207698eaa50c778fc65dc990a949edee2a69b42fb9b209dd35601c226906c9d?s=256&d=mm&r=g,
giovanni-adomi-braccesi,Giovanni Adomi Braccesi,https://www.ombreeluci.it/en/author/giovanni-adomi-braccesi/,,https://secure.gravatar.com/avatar/3c302e2d106d96d6623ca83463a315b0ac6b3b50b15ec4ee6c4c6fde56960beb?s=256&d=mm&r=g,
giovanni-grossi,Giovanni Grossi,https://www.ombreeluci.it/en/author/giovanni-grossi/,"Sono nato a Roma nel 1970, da Lorenzo Grossi e Paola Pisenti. Ho fatto l’asilo a Milano ed a Pomigliano D’Arco, le elementari e la prima media a Pomigliano D’Arco e poi ho fatto le medie a Roma nella scuola Esopo quando ancora era in via Fogliano, adesso è diventata una casa qualsiasi. Poi il liceo artistico al Sant’Orsola in via Livorno presso piazza Bologna, lì disegnavo male e facevo scena muta, per anni io non parlavo per niente, perché ho sofferto di solitudine e rimanevo spesso da solo. Ho fatto lo scout fino al clan e anche Fede e Luce; io ho iniziato andando a villa patrizi, poi a sant’Angela Merici, e altre chiese, a sant’Ippolito e sant’Agnese fuori le mura oggi. Ho conosciuto tante persone che frequento ancora in comunità. Faccio la formazione professionale da alberghi e il ministero della marina mercantile, e adesso sono alla Biotecnica Instruments S.p.A. a lavorare e anche alla Torre, dal 2005. Sono il primogenito, dopo di me c’è Ernesto e Ludovico con la sua famiglia.",https://www.ombreeluci.it/wp-content/uploads/2023/03/giovanni-grossi-256x256.jpg,
giovanni-ianno,Giovanni Iannò,https://www.ombreeluci.it/en/author/giovanni-ianno/,,https://secure.gravatar.com/avatar/a43c7de05b540e167e7d068d3b26c116ee3e2b2c2aaf7729d262046cdeed2811?s=256&d=mm&r=g,
giovanni-intini,Giovanni Intini,https://www.ombreeluci.it/en/author/giovanni-intini/,,https://secure.gravatar.com/avatar/6c223a276219ac0ddd67e5b46d2f85c49051361d133c98d707fa1eb65d74e1b0?s=256&d=mm&r=g,
giovanni-maria-flick,Giovanni Maria Flick,https://www.ombreeluci.it/en/author/giovanni-maria-flick/,,https://www.ombreeluci.it/wp-content/uploads/2023/06/flick-2-256x256.webp,
giovanni-mazzarotto,Giovanni Mazzarotto,https://www.ombreeluci.it/en/author/giovanni-mazzarotto/,,https://secure.gravatar.com/avatar/3e350438ab74fabd1ef868771d35d92327934d3f3f68ee7043064ec2cfaed8f5?s=256&d=mm&r=g,
giovanni-solaro,Giovanni Solaro,https://www.ombreeluci.it/en/author/giovanni-solaro/,,https://secure.gravatar.com/avatar/15c878b6a8de4e185315b3eada74d574e7419b0395958a2c93bec5c24633e395?s=256&d=mm&r=g,
giovanni-vergani,Giovanni Vergani,https://www.ombreeluci.it/en/author/giovanni-vergani/,,https://www.ombreeluci.it/wp-content/uploads/2025/06/giovanni-vergani-avatar-256x256.jpg,
giovanni-zaninello,Giovanni Zaninello,https://www.ombreeluci.it/en/author/giovanni-zaninello/,,https://secure.gravatar.com/avatar/da31b37f72ce6e05236c5466ea172b8205f34e38e1286bb3bbba71e82758c012?s=256&d=mm&r=g,
giulia-alberigo,Giulia Alberico,https://www.ombreeluci.it/en/author/giulia-alberigo/,,https://secure.gravatar.com/avatar/59c77aa3bdcc29d3502c80aead7d25ebd37f1bee1297b2e20b651bfd3c0e051f?s=256&d=mm&r=g,
giulia-cirillo,Giulia Cirillo,https://www.ombreeluci.it/en/author/giulia-cirillo/,,https://secure.gravatar.com/avatar/0353a196fac8c93ba5bea29a3d548e8e795d1bde6e69fc77598c15c4fd17216b?s=256&d=mm&r=g,
giulia-galeotti,Giulia Galeotti,https://www.ombreeluci.it/en/author/giulia-galeotti/,"Dopo il post dottorato e tanti lavori, Giulia ha iniziato a collaborare con diverse testate, prima di fermarsi all’Osservatore Romano, dove dal 2014 è responsabile delle pagine culturali e dal 2019 dell’inserto culturale «Quattro Pagine». Ha scritto libri, tra cui <i>Storia dell’aborto</i> (il Mulino 2024), <i>«Siamo una rivoluzione». Vita di Dorothy Day</i> (Jaca Book 2022), <i>Il velo</i> (Edb 2016), <i>Storia dei trapianti da vivente</i> (Vita&amp;Pensiero 2012), <i>In cerca del padre</i> (Laterza 2009, Premio Minturnae), <i>Storia del voto alle donne in Italia</i> (Biblink 2006; Premio Capalbio e Premio Amelia Rosselli); tra i saggi, <i>A Church of Women: Memories, Frustrations and Hopes in the Journey of Life</i> in «Visions and Vocations» (Paulist Press 2018), <i>Disabilità e ospedale: storia secolare di rapporti complessi</i> in «Persone con disabilità e ospedale» (Erickson 2014); <i>Concepire l’handicap</i> in «La bioetica come storia» (Lindau 2011); <i>Padre</i> in «Parola di donna» (Ponte alle Grazie 2011). I suoi libri sono tradotti in spagnolo e portoghese. Romanista dalla nascita e scout per decenni nell’Agesci, dal 1998 fa parte di Fede e Luce. Pedala per Roma, dove è nata e tornata.",https://www.ombreeluci.it/wp-content/uploads/2023/09/WhatsApp-Image-2023-09-07-at-10.42.29-256x256.webp,
giulia-galeotti-e-nicla-bettazzi,Nicla Bettazzi e Giulia Galeotti,https://www.ombreeluci.it/en/author/giulia-galeotti-e-nicla-bettazzi/,,https://secure.gravatar.com/avatar/6f186d72c02fd7a2bbbe646291e52bd864cabbfad449c5275c873bf13212fec0?s=256&d=mm&r=g,
giuliana-siclari,Giuliana Siclari,https://www.ombreeluci.it/en/author/giuliana-siclari/,,https://secure.gravatar.com/avatar/4af27fddba7c1a457c24c7425b58a558f06e9691c2bc0e0e863ecca120a14c3f?s=256&d=mm&r=g,
giuseppe-bertolini,Giuseppe Bertolini,https://www.ombreeluci.it/en/author/giuseppe-bertolini/,,https://www.ombreeluci.it/wp-content/uploads/2023/06/giuseppe-bartolini-big-256x256.webp,
giusy-nocca,Giusy Nocca,https://www.ombreeluci.it/en/author/giusy-nocca/,,https://secure.gravatar.com/avatar/c149a8718b524489ddc486b2be373da5725a40bc3c483ca41595eb4b676f75b5?s=256&d=mm&r=g,
grazia-felici,Grazia Felici,https://www.ombreeluci.it/en/author/grazia-felici/,,https://secure.gravatar.com/avatar/d9ef7eefa739c93e02d43180d5b7abd05dcf6e6f5137ba527494de9b989fc0ef?s=256&d=mm&r=g,
grazia-maria-romanini,Maria Grazia Romanini,https://www.ombreeluci.it/en/author/grazia-maria-romanini/,,https://secure.gravatar.com/avatar/e9d43689216ba3ab0ac04d66c5b8212fa727c20a40310195c6c1a6f3f07ccada?s=256&d=mm&r=g,
gruppo-cesano-boscone,Gruppo Cesano Boscone,https://www.ombreeluci.it/en/author/gruppo-cesano-boscone/,,https://secure.gravatar.com/avatar/b4902e282f6a6665544b57ad90171fde5c9f40f29eddb07abd215aae9adb1bee?s=256&d=mm&r=g,
guenda-malvezzi,Guenda Malvezzi,https://www.ombreeluci.it/en/author/guenda-malvezzi/,,https://secure.gravatar.com/avatar/20d4830e84aeb0de8ceb5c7d8cf55a9f2586ce50154eccc9226e1f2e1c2fc54a?s=256&d=mm&r=g,
guillaume-desanges,Guillaume Desanges,https://www.ombreeluci.it/en/author/guillaume-desanges/,,https://secure.gravatar.com/avatar/0db4ca3c18076ff9793bc0ec7334027a26d87b4920eb3876aaaf70cf7fea8d06?s=256&d=mm&r=g,
henri-bissonier,Henri Bissonier,https://www.ombreeluci.it/en/author/henri-bissonier/,"Il Padre Henri Bissonier è senza dubbio un’autorità nel campo della <b><a href=""https://www.ombreeluci.it/spiritualita/"">catechesi delle persone con handicap mentale</a></b>.
Ha scritto molti libri e articoli, ha insegnato in numerose università, ha fondato e diretto Movimenti nazionali e internazionali di persone con handicap.
Ma non ha fatto solo teoria: provato, fin da bambino, nella malattia, a diciannove anni scopre, nei grandi sanatori delle Alpi, l'esclusione sociale e la desolazione spirituale del mondo dei malati.
Fin dalla sua ordinazione nel 1935, impegna tutta la sua vita di sacerdote in una lotta quotidiana per la difesa dei diritti delle persone con handicap, per il riconoscimento della loro dignità, per il loro inserimento nella vita sociale e nella comunità cristiana.
È stato il pioniere in Francia della catechesi delle persone handicappate entrando con tutta la forza della sua speranza e la sensibilità del suo cuore nel mondo triste e chiuso di un ospedale pubblico dove «vivevano» delle giovani e delle ragazze handicappate mentali.",https://www.ombreeluci.it/wp-content/uploads/1983/02/Henri-Bissonnier.jpg,
huberta-pott,Huberta Pott,https://www.ombreeluci.it/en/author/huberta-pott/,"Nata in Austria nel 1964 e ultima di 9 figli. Conosce Francesco Bertolini e di conseguenza anche Fede e Luce durante un suo anno “sabbatico - post maturità” a Roma e grazie all’amica “storica” Anna A.
Dopo 5 anni di viaggi tra Salisburgo e Roma si sposa con Francesco e hanno 4 figli. Huberta è amica di Fede e Luce da 40 anni e ricopre per tanti anni la funzione di coordinatore regionale, quando erano ancora insieme tutte le 20 comunità dell’Italia centrale. Nel 1994 inizia a collaborare presso la redazione di Ombre e Luci con Mariangela Bertolini, Nicole Schultes e Natalia Livi, un’esperienza per lei molto arricchente e formativa che è durata fino al 2008. Tutti i figli sono in pratica “nati” a Fede e
Luce e vivono, ognuno in modo diverso, la propria esperienza fatta a Fede e Luce nella propria vita. I campi Fede e Luce, per esempio non mancano mai. Da 13 anni presta servizio come interprete e assistente dell’Ambasciatore d’Austria presso la Santa Sede. Ha fondato la comunità di San Valentino che poi si è spostata alla parrocchia romana di San Gaetano e attualmente è la responsabile della comunità di San Gaetano.",https://secure.gravatar.com/avatar/ef2ac372ddc6dbce5fdc427332b33c93c67f24acef572db768f86a0170c6eaf7?s=256&d=mm&r=g,
ilaria-pennacchini,Ilaria Pennacchini,https://www.ombreeluci.it/en/author/ilaria-pennacchini/,,https://secure.gravatar.com/avatar/140712e386090f5cd214b7a3e2292c9d7ec2cc78e6090251a0e219d8a6a8d1ec?s=256&d=mm&r=g,
immacolata-casullo,Immacolata Casullo,https://www.ombreeluci.it/en/author/immacolata-casullo/,,https://secure.gravatar.com/avatar/5dd1b7dbca09240ea7d6279d4a20f0eb812d01e50b24d51b4875b6c32e0642e8?s=256&d=mm&r=g,
isabella-corsini,Isabella Corsini,https://www.ombreeluci.it/en/author/isabella-corsini/,,https://secure.gravatar.com/avatar/98d132775825912c6da643e62d279d5de71f4466c395a46bd7469c2c1e2b0d49?s=256&d=mm&r=g,
isabella-gimmi,Isabella Gimmi,https://www.ombreeluci.it/en/author/isabella-gimmi/,,https://secure.gravatar.com/avatar/6d1a95729b0ae59b69f80370cf4249032e4ec3a74c0614383f47a790e1d06e93?s=256&d=mm&r=g,
italia-valle,Italia Valle,https://www.ombreeluci.it/en/author/italia-valle/,,https://secure.gravatar.com/avatar/1556dd1a2a63c32ae9145551c56bfcb40572d9b66d47bcb830410e3ba34e6196?s=256&d=mm&r=g,
ivana-perri,Ivana Perri,https://www.ombreeluci.it/en/author/ivana-perri/,,https://secure.gravatar.com/avatar/febff70a3751d25f5f35a5b1fb7ba69988b066f639237004c685b93191eedf7e?s=256&d=mm&r=g,
jacqueline-e-henri-faivre,Jacqueline e Henri Faivre,https://www.ombreeluci.it/en/author/jacqueline-e-henri-faivre/,,https://secure.gravatar.com/avatar/cb79f0fa2a67cc6dda02053dc5124e05aa8becc714cea0bfdc18c7e32470e024?s=256&d=mm&r=g,
jacques-labrousse,Jacques Labrousse,https://www.ombreeluci.it/en/author/jacques-labrousse/,,https://secure.gravatar.com/avatar/3df477284be403893291715d303f8ce2e8d4864fa8b72f139ef883bc798a67d2?s=256&d=mm&r=g,
jane-gross,Jane Gross,https://www.ombreeluci.it/en/author/jane-gross/,,https://secure.gravatar.com/avatar/46595e17752f63ed61af52f5ff036060bdbfe852898fa881bf404701660417e7?s=256&d=mm&r=g,
jean-marie-petitclerc,Jean Marie Petitclerc,https://www.ombreeluci.it/en/author/jean-marie-petitclerc/,,https://secure.gravatar.com/avatar/a0e59556e74a47c792e3d067afeb44c2ed910d14d6655263cf16a715c6aed5b7?s=256&d=mm&r=g,
jean-vanier,Jean Vanier,https://www.ombreeluci.it/en/author/jean-vanier/,,https://secure.gravatar.com/avatar/049920d92005df209346bdcb112d0eee0875234f1d2e5a317cb1e59f60a335c2?s=256&d=mm&r=g,
klaus-sarbach,Klaus Serbach,https://www.ombreeluci.it/en/author/klaus-sarbach/,,https://secure.gravatar.com/avatar/ae9406aaad020b035e7dc4ae76cf9d39496199db711815eda408c7105903b4cb?s=256&d=mm&r=g,
lars-porsenna,Lars Porsenna,https://www.ombreeluci.it/en/author/lars-porsenna/,,https://secure.gravatar.com/avatar/dc14fe7064fb61d6c92f4c690d2a27cc0a6a82ed693058e6e6d894f9c4fac1a2?s=256&d=mm&r=g,
larysa-grygoryeva,Larysa Grygoryeva,https://www.ombreeluci.it/en/author/larysa-grygoryeva/,,https://secure.gravatar.com/avatar/ee89b5a8caf44d28d796ff2fa0fef3e6b0a4e14362d5b0bd665ea2b8e8011a52?s=256&d=mm&r=g,
laura-broccoli,Laura Broccoli,https://www.ombreeluci.it/en/author/laura-broccoli/,,https://secure.gravatar.com/avatar/46f194cd0b56c498fe878a9e212444badc95749864590ff9cfc99d7ebd61c136?s=256&d=mm&r=g,
laura-cattaneo,Laura Cattaneo,https://www.ombreeluci.it/en/author/laura-cattaneo/,,https://secure.gravatar.com/avatar/0a1c9725cfb7a06d025be2f47a2d1906273572d64cc4bb243da99cb89293ce8f?s=256&d=mm&r=g,
laura-coccia,Laura Coccia,https://www.ombreeluci.it/en/author/laura-coccia/,,https://secure.gravatar.com/avatar/faea08dfe7ce20b97424409df645c516810b346b4ea2542057a61846f0d9c247?s=256&d=mm&r=g,
laura-de-rino,Laura De Rino,https://www.ombreeluci.it/en/author/laura-de-rino/,,https://secure.gravatar.com/avatar/0c9973b5e3d43325598a668956afae386462631b12ae83635955a9170fe5f2b8?s=256&d=mm&r=g,
laura-nardini,Laura Nardini,https://www.ombreeluci.it/en/author/laura-nardini/,,https://secure.gravatar.com/avatar/eaa419275816717ad3dc837b517fb1c72c8b26750cb60e2e89637083ba7dc45f?s=256&d=mm&r=g,
lena-botta,Lena Botta,https://www.ombreeluci.it/en/author/lena-botta/,,https://secure.gravatar.com/avatar/9f660c070714ee5640723d53a03cadec4ad77193de12ac26f73c9b7485cc08e2?s=256&d=mm&r=g,
liliana-ghiringhelli,Liliana Ghiringhelli,https://www.ombreeluci.it/en/author/liliana-ghiringhelli/,,https://secure.gravatar.com/avatar/2d5bdfa3be56f79bf0f1dbb166e43c9d19e076eb2809ebfdc41d9682a912f52d?s=256&d=mm&r=g,
lina-santoro,Lina Santoro,https://www.ombreeluci.it/en/author/lina-santoro/,,https://secure.gravatar.com/avatar/35668cb85b183bba2699516383cef8e9c5e8747db493b1f177cdd4f1f9d349ff?s=256&d=mm&r=g,
loredana-moretti,Loredana Moretti,https://www.ombreeluci.it/en/author/loredana-moretti/,,https://secure.gravatar.com/avatar/190ddb7968f9ca916919ba85bf5b69c85a7fb87059e42b60be0a74371ebbe461?s=256&d=mm&r=g,
lorenzo-cerutti,Lorenzo Cerutti,https://www.ombreeluci.it/en/author/lorenzo-cerutti/,,https://secure.gravatar.com/avatar/05d42ba68537462a1a36c80c21f826877420ac15b4b7c9972fe11d57f042b0c5?s=256&d=mm&r=g,
lorenzo-portento,Lorenzo Portento,https://www.ombreeluci.it/en/author/lorenzo-portento/,,https://secure.gravatar.com/avatar/aefe2b4676dcd87b3d4265f467e68e5f65cb1d58ebba52112ea6baabc4b58587?s=256&d=mm&r=g,
lorraine-mccrary,Lorraine McCrary,https://www.ombreeluci.it/en/author/lorraine-mccrary/,,https://secure.gravatar.com/avatar/0555b4225b45774d1941e8352ef6606df8fc36f0f1cab575287f9361530eac54?s=256&d=mm&r=g,
luca-badetti,Luca Badetti,https://www.ombreeluci.it/en/author/luca-badetti/,,https://secure.gravatar.com/avatar/0a0898f605355d664e05f9d26392d9228b4f6eb9a88f4b3fae54d592d22cb7f6?s=256&d=mm&r=g,
lucetta-scaraffia,Lucetta Scaraffia,https://www.ombreeluci.it/en/author/lucetta-scaraffia/,,https://secure.gravatar.com/avatar/ca8c87dcf2bcb916f435d67c04a02600178da3136b88b3c4e6f44a0eb2daf4d4?s=256&d=mm&r=g,
lucia-bertolini,Lucia Bertolini,https://www.ombreeluci.it/en/author/lucia-bertolini/,,https://secure.gravatar.com/avatar/df8111aed1dc160cef4e57a9f4d29e5309bc44744c279e459f6bff1d80a31106?s=256&d=mm&r=g,
lucia-casella,Lucia Casella,https://www.ombreeluci.it/en/author/lucia-casella/,,https://secure.gravatar.com/avatar/6ff1a6104109c1351a84900d3c36b7ce6c2b98609286fa32f0a965f8a6e6ca03?s=256&d=mm&r=g,
lucia-pennisi,Lucia Pennisi,https://www.ombreeluci.it/en/author/lucia-pennisi/,,https://secure.gravatar.com/avatar/e62a0c624f58ea3d70bbb358d07ae565c5f4fc0b7e047eac3a0f2e62c730da80?s=256&d=mm&r=g,
luciana-spigolon,Luciana Spigolon,https://www.ombreeluci.it/en/author/luciana-spigolon/,,https://www.ombreeluci.it/wp-content/uploads/2024/04/Luciana-Spigolon-256x256.jpg,
lucina-spaccia,Lucina Spaccia,https://www.ombreeluci.it/en/author/lucina-spaccia/,,https://secure.gravatar.com/avatar/38682c19c8262e4be175f778e12d72af01c36d6973cfeef107499a5ca139e5bf?s=256&d=mm&r=g,
lucio-cammarota,Lucio Cammarota,https://www.ombreeluci.it/en/author/lucio-cammarota/,,https://secure.gravatar.com/avatar/c6d275a02849f9bcf5f35f557592e18a4fd096c094592f156e965338498e7540?s=256&d=mm&r=g,
lucio-colombaro,Luci0 Colombaro,https://www.ombreeluci.it/en/author/lucio-colombaro/,,https://secure.gravatar.com/avatar/aa0ada1a364a4bb6b9ec002d6cf887125fea239c3409a425afbab454ecb88bd1?s=256&d=mm&r=g,
luis-sankale,Luis Sankalé,https://www.ombreeluci.it/en/author/luis-sankale/,,https://secure.gravatar.com/avatar/5854aa9597f5e269815a4beda08c7c72c699c43a7cd952bd36a8f5595d39e5f7?s=256&d=mm&r=g,
luisa-spada,Luisa Spada,https://www.ombreeluci.it/en/author/luisa-spada/,,https://secure.gravatar.com/avatar/a60df5a9ca9da31f87f293b0ed6b231b1cc1f661da1879c2669cb4e9223d6968?s=256&d=mm&r=g,
lyndonkovach,lyndonkovach,https://www.ombreeluci.it/en/author/lyndonkovach/,,https://secure.gravatar.com/avatar/c8eabddc379603abb2048d70d82c29f4a2f2df584a40720eb8e55c07fd5b6992?s=256&d=mm&r=g,
madre-pantanella,Madre Pantanella,https://www.ombreeluci.it/en/author/madre-pantanella/,,https://secure.gravatar.com/avatar/4370ecc28d360a4ecdcb1693d33b6c8dbbd7a3de8750d5dc4f3eb9e818f1387a?s=256&d=mm&r=g,
manuela-bartesaghi,Manuela Bartesaghi,https://www.ombreeluci.it/en/author/manuela-bartesaghi/,,https://secure.gravatar.com/avatar/4d10050d558dca871a9736867e0b94d04cc69069719cc66639b99a8119312229?s=256&d=mm&r=g,
mara-martelli,Mara Martelli,https://www.ombreeluci.it/en/author/mara-martelli/,,https://secure.gravatar.com/avatar/11e11cc753166a44dd4a8a013e70925df197ff88df60f02f8e0889426e924aa2?s=256&d=mm&r=g,
marco,Marco Cardaci,https://www.ombreeluci.it/en/author/marco/,,https://secure.gravatar.com/avatar/af39f450e912b13a81ccaccaa67e86ff4258821326dedfe87edecd5f45e0d847?s=256&d=mm&r=g,
marco-bersani,Marco Bersani,https://www.ombreeluci.it/en/author/marco-bersani/,,https://secure.gravatar.com/avatar/8c9f1c3b958fdf36f4668eb2b76a75d65e70e673af114190fe1d902a4f131b71?s=256&d=mm&r=g,
margherita-camomilla-fantini,Margherita Camomilla Fantini,https://www.ombreeluci.it/en/author/margherita-camomilla-fantini/,,https://secure.gravatar.com/avatar/64f64f8eaa2efa5ff2b781cd40429c438e77f92976d3dedbed862223923c68ed?s=256&d=mm&r=g,
maria-amelia,Maria Amelia,https://www.ombreeluci.it/en/author/maria-amelia/,,https://secure.gravatar.com/avatar/70f04d511d7f20c34e03e9ad79d593895585ab240bc4c51b15d2a96823bb225b?s=256&d=mm&r=g,
maria-grazia-pennisi,Maria Grazia Pennisi,https://www.ombreeluci.it/en/author/maria-grazia-pennisi/,,https://secure.gravatar.com/avatar/52f33704635dc5bd302a295081f2a8d063acc2472288c9f84aa0129f9d771191?s=256&d=mm&r=g,
maria-ilaria-di-bernardo,Maria Ilaria Di Bernardo,https://www.ombreeluci.it/en/author/maria-ilaria-di-bernardo/,,https://secure.gravatar.com/avatar/891548c59382cb2ca230f41872635f6cb8fa73c1fd7d919b41fba3b76598e30b?s=256&d=mm&r=g,
maria-j-suoto-neves,Maria J. Suoto Neves,https://www.ombreeluci.it/en/author/maria-j-suoto-neves/,,https://secure.gravatar.com/avatar/67f3c2425911e129c46e7a1eaa6cc03e98095efede44cfc95fdb9e9ac99a8865?s=256&d=mm&r=g,
maria-teresa-mosconi-straulino,Maria Teresa Mosconi Straulino,https://www.ombreeluci.it/en/author/maria-teresa-mosconi-straulino/,,https://secure.gravatar.com/avatar/8fec818493989eb7219098758bb3ef1e3134b8bd65b361db4ef8008496560a87?s=256&d=mm&r=g,
maria-teresa-rendina,Maria Teresa Rendina,https://www.ombreeluci.it/en/author/maria-teresa-rendina/,,https://secure.gravatar.com/avatar/1c72dce70a27e4603dfa41a28173408e3546964b5826cfb68913831a1effdbed?s=256&d=mm&r=g,
maria-valeria-spinola,Maria Valeria Spinola,https://www.ombreeluci.it/en/author/maria-valeria-spinola/,,https://secure.gravatar.com/avatar/f78dfb170cfe0d649239683266dc4e215a2080b447858677d94fab9ac15ebd87?s=256&d=mm&r=g,
maria-varoli,Maria Varoli,https://www.ombreeluci.it/en/author/maria-varoli/,,https://secure.gravatar.com/avatar/70826c82ba81d3b929115ea595d296f6b43e3df445649ae634ec5f641c46e060?s=256&d=mm&r=g,
mariangela-bertolini,Mariangela Bertolini,https://www.ombreeluci.it/en/author/mariangela-bertolini/,"Nata a Treviso nel 1933, insegnante e mamma di tre figli tra cui Maria Francesca, Chicca, con una grave disabilità.
È stata fra le promotrici di Fede e Luce in Italia. Ha fondato e diretto Ombre e Luci dal 1983 fino al 2014. <b><a href=""https://www.ombreeluci.it/mariangela-bertolini/"">Biografia completa</a></b>",https://www.ombreeluci.it/wp-content/uploads/2019/04/mariangela-bio-256x256.png,
mariano-s-pergola,Mariano S. Pergola,https://www.ombreeluci.it/en/author/mariano-s-pergola/,,https://secure.gravatar.com/avatar/112f31e57e2a8116e3caee1b73fc34ce89ad5260697f9ca86f4df9a97715a150?s=256&d=mm&r=g,
mariateresamazzarotto,Maria Teresa Mazzarotto,https://www.ombreeluci.it/en/author/mariateresamazzarotto/,,https://www.ombreeluci.it/wp-content/uploads/2018/09/bio-tea-256x256.jpg,
marie-odilerethore,Marie-Odile Réthoré,https://www.ombreeluci.it/en/author/marie-odilerethore/,,https://www.ombreeluci.it/wp-content/uploads/2025/03/Marie-Odile-Rethore-256x256.jpg,
marie-sylvie-richard,Marie-Sylvie Richard,https://www.ombreeluci.it/en/author/marie-sylvie-richard/,,https://secure.gravatar.com/avatar/b682161c8dabb8e62bbdd1531fbaa889a6af80af490efdf2ebcda82c30110d33?s=256&d=mm&r=g,
marieclaudefabre,Marie Claude Fabre,https://www.ombreeluci.it/en/author/marieclaudefabre/,,https://secure.gravatar.com/avatar/54588c73f49816ab30db49e851cc3969a44d57ed20f8b107d6f30c1f57fb1eab?s=256&d=mm&r=g,
marielene-mathieu,Marie Hélène Mathieu,https://www.ombreeluci.it/en/author/marielene-mathieu/,,https://secure.gravatar.com/avatar/fd629b9f2ec80546d1a58d411ce7ed242a9a8417fbd5badde751965cbd60d458?s=256&d=mm&r=g,
marina-vigliar,Marina Vigliar,https://www.ombreeluci.it/en/author/marina-vigliar/,,https://secure.gravatar.com/avatar/890dfe288ada78636b811a1fe14c9b3ea04cc660923c92a1aa34918671484163?s=256&d=mm&r=g,
mario-collino,Mario Collino,https://www.ombreeluci.it/en/author/mario-collino/,,https://www.ombreeluci.it/wp-content/uploads/2024/08/Mario-Collino-Ombre-e-Luci-256x256.webp,
marta-de-rino,Marta De Rino,https://www.ombreeluci.it/en/author/marta-de-rino/,,https://secure.gravatar.com/avatar/173edf64e68bc1eba1b50d3efbd3066a248e615b1e78c4a05b4096f473775ed7?s=256&d=mm&r=g,
marta-de-rino-eleonora-secchi,Marta De Rino e Eleonora Secchi,https://www.ombreeluci.it/en/author/marta-de-rino-eleonora-secchi/,,https://secure.gravatar.com/avatar/99d023488adb9cc52fa084f2ab6d71eca76d7174db8db1e7b76ce32b0672a54c?s=256&d=mm&r=g,
marta-pensi,Marta Pensi,https://www.ombreeluci.it/en/author/marta-pensi/,,https://secure.gravatar.com/avatar/34484a1d3017e69023f9d40a11ae96351d95235b32e19039ecfe81d725093c28?s=256&d=mm&r=g,
marta-tersigni,Marta Tersigni,https://www.ombreeluci.it/en/author/marta-tersigni/,,https://secure.gravatar.com/avatar/5d780f4be48cc838fc7b52c6237d2229214f9e08f55685b3160ea65878131605?s=256&d=mm&r=g,
mascialenzi,Mascia Lenzi,https://www.ombreeluci.it/en/author/mascialenzi/,,https://secure.gravatar.com/avatar/0588e74b0b7f05d0bef44a1633d92ee748806cb42bcc390771b5b15b9a63cd1f?s=256&d=mm&r=g,
matteo-mazzarotto,Matteo Mazzarotto,https://www.ombreeluci.it/en/author/matteo-mazzarotto/,,https://secure.gravatar.com/avatar/dd9fe494c869ded74b0d17ddb9f3d54189db6b8058fdc74103fef3f3de02c6bc?s=256&d=mm&r=g,
matteo_cinti,Matteo Cinti,https://www.ombreeluci.it/en/author/matteo_cinti/,,https://www.ombreeluci.it/wp-content/uploads/2019/04/met-bio-256x256.png,
maurizio-pilone,Maurizio Pilone,https://www.ombreeluci.it/en/author/maurizio-pilone/,,https://secure.gravatar.com/avatar/031c2055e81bc1710dd4475b42f50c2d86578b8f1b6660113de47a98973706dc?s=256&d=mm&r=g,
mauro-santoro,Mauro Santoro,https://www.ombreeluci.it/en/author/mauro-santoro/,,https://www.ombreeluci.it/wp-content/uploads/2025/12/mauro-santoro-e1764763644663.jpeg,
melanie-castellani,Melanie Castellani,https://www.ombreeluci.it/en/author/melanie-castellani/,,https://secure.gravatar.com/avatar/e3572b594a642d92feccd91323eab8aa7b75bde613c758cb83b54b4235f9f094?s=256&d=mm&r=g,
michel-charpentier,Michel Charpentier,https://www.ombreeluci.it/en/author/michel-charpentier/,,https://secure.gravatar.com/avatar/50659b469e44b122c729ea86e6726b1fc97eadc1630829d6b2aaea210d9bf147?s=256&d=mm&r=g,
michel-lemay,Michel Lemay,https://www.ombreeluci.it/en/author/michel-lemay/,,https://secure.gravatar.com/avatar/a513bcc414bbdc2e565379e00a19e18a53df86aa8b05617f89aa542d255d6d90?s=256&d=mm&r=g,
michele-vulcan,Michele Vulcan,https://www.ombreeluci.it/en/author/michele-vulcan/,,https://secure.gravatar.com/avatar/74f08d0824e937e93ab23738482d75cf2948737fd908e30002374a451fe3652e?s=256&d=mm&r=g,
monica-boyer,Monica Boyer,https://www.ombreeluci.it/en/author/monica-boyer/,,https://secure.gravatar.com/avatar/1dfb7030f760a41abf38fed46ca399b4c44b4890c38acab25ecb28146013d9ff?s=256&d=mm&r=g,
monica-leggeri,Monica Leggeri,https://www.ombreeluci.it/en/author/monica-leggeri/,,https://secure.gravatar.com/avatar/464b0e5bd5d56ea7b9c0510894b13bc512e8073d5876475a963506b2d239eb32?s=256&d=mm&r=g,
monica-mazzucco,Monica Mazzucco,https://www.ombreeluci.it/en/author/monica-mazzucco/,,https://secure.gravatar.com/avatar/bae19c7bfd55a2587ce9c4b03721e19cb18193a7cb1a5508f2836f665d618e83?s=256&d=mm&r=g,
monica-veroli,Monica Veroli,https://www.ombreeluci.it/en/author/monica-veroli/,,https://secure.gravatar.com/avatar/bfc86227c0ec4ed18090892032f4faab9db56f136025f7be27dfd05712485e51?s=256&d=mm&r=g,
mons-alberto-g-bochatey,Mons. Alberto G. Bochatey,https://www.ombreeluci.it/en/author/mons-alberto-g-bochatey/,,https://secure.gravatar.com/avatar/8f7390243ecdbb684e9b5d3acedcd58c6db8ae2c60b3e8af0dd65c86b41f9dca?s=256&d=mm&r=g,
myrna-hayek,Myrna Hayek,https://www.ombreeluci.it/en/author/myrna-hayek/,,https://secure.gravatar.com/avatar/5968021c0fe87cbf490a3aeaa61340dfb48b1520a9fd9922c888317a592feb28?s=256&d=mm&r=g,
nadia-pastori,Nadia Pastori,https://www.ombreeluci.it/en/author/nadia-pastori/,,https://secure.gravatar.com/avatar/07ba39ce92402f7926eab9a203759a79cb8b238b919541606dbed7eff012cbe8?s=256&d=mm&r=g,
nanni,Nanni Bertolini,https://www.ombreeluci.it/en/author/nanni/,,https://secure.gravatar.com/avatar/728e61e08452bf6fc8f9acd3ddde00b58b6bf48822456a76627855a79bad215e?s=256&d=mm&r=g,
natalia-livi,Natalia Livi,https://www.ombreeluci.it/en/author/natalia-livi/,"Natalia Livi, è stata una delle storiche collaboratrici di Ombre e Luci. Ha contribuito alla rivista dal 1991 al 2004.",https://www.ombreeluci.it/wp-content/uploads/2020/05/natalia-livi-256x256.jpg,
nelia-ruiz-cortez,Nelia Ruiz Cortez,https://www.ombreeluci.it/en/author/nelia-ruiz-cortez/,,https://secure.gravatar.com/avatar/a5fac0b16c59418108999d52cb93cb5270fdbfe00dca035ed06c7ea4726028bb?s=256&d=mm&r=g,
niccolo-scarano,Niccolò Scarnato,https://www.ombreeluci.it/en/author/niccolo-scarano/,,https://www.ombreeluci.it/wp-content/uploads/2025/08/Niccolo-Scarnato-avatar.jpg,
nicolas-buttet,Padre Nicolas Buttet,https://www.ombreeluci.it/en/author/nicolas-buttet/,,https://secure.gravatar.com/avatar/c6dbfe5d8485dbc0d41ef82a3d4750b432dfeed8c6bfe9fab25e82c689878424?s=256&d=mm&r=g,
nicole-schulthes,Nicole Schulthes,https://www.ombreeluci.it/en/author/nicole-schulthes/,"Ha studiato Ergoterapia in Francia e negli Stati Uniti, co-fondando nel 1961 l'Association Nationale Francaise des Ergotherapeutes, (ANFE).
Trasferitasi a Roma, incontra Mariangela Bertolini e insieme avviano nel 1971, su invito di Marie-Hélène Mathieu, le attività di Fede e Luce e partecipano all'organizzazione del pellegrinaggio dell'Anno Santo del 1975. Dal 1983 al 2004 cura con Mariangela la rivista Ombre e Luci. Per anni ha organizzato il campo estivo per bambini e famiglie sul campus della scuola Mary Mount a Roma.",https://www.ombreeluci.it/wp-content/uploads/2020/05/nicole-schulthes-256x256.jpg,
nicolina-di-pirro,Nicolina Di Pirro,https://www.ombreeluci.it/en/author/nicolina-di-pirro/,,https://secure.gravatar.com/avatar/6e643200a937850bb9ae42adfb8cff80616d603a4d8e1d604cf8fed32668a589?s=256&d=mm&r=g,
nicolle-carre,Nicolle Carré,https://www.ombreeluci.it/en/author/nicolle-carre/,,https://secure.gravatar.com/avatar/92c2cba8182aef6818ab6c25d30a1aa9cd8fe96d49bf369ce872d50ef279be15?s=256&d=mm&r=g,
nora-buccheri,Nora Buccheri,https://www.ombreeluci.it/en/author/nora-buccheri/,,https://secure.gravatar.com/avatar/853038eaf3656c6e1b4cfb71adba8d147c91100343e7f9b96404b45a85188d31?s=256&d=mm&r=g,
nunzia-giancola,Nunzia Giancola,https://www.ombreeluci.it/en/author/nunzia-giancola/,,https://secure.gravatar.com/avatar/3d92f84eaeb7c7ac110bf6e7032b4e2b3615e60163753eb22f98ccdb4ca22f7a?s=256&d=mm&r=g,
nunzio-galantino,Mons. Nunzio Galantino,https://www.ombreeluci.it/en/author/nunzio-galantino/,,https://secure.gravatar.com/avatar/77b2784b82413c131645e3bbeb33d3ad422630c2840976a3ab9cd7c91b711d50?s=256&d=mm&r=g,
ola-gurevitch,Ola Gurevitch,https://www.ombreeluci.it/en/author/ola-gurevitch/,,https://secure.gravatar.com/avatar/30d79b15ef92580bc98eea45945576412db10c9184e1d503359397d73efdecc7?s=256&d=mm&r=g,
olga-gammarelli,Olga Gammarelli,https://www.ombreeluci.it/en/author/olga-gammarelli/,,https://secure.gravatar.com/avatar/71889cc74c8a5d7d8a9b4bcd109f9948848250d4af6cbd4f34f996cdcbb6138c?s=256&d=mm&r=g,
p-noel-simard,P. Noel Simard,https://www.ombreeluci.it/en/author/p-noel-simard/,,https://secure.gravatar.com/avatar/a44b9cdf8c1a6738f446ccc2b40d3abaec1660b9144cad356cf9a6cc2cb14d8d?s=256&d=mm&r=g,
padre-isaac-martinez,Padre Isaac Martinez,https://www.ombreeluci.it/en/author/padre-isaac-martinez/,,https://secure.gravatar.com/avatar/17832d2eec28bcf6e86d7955476f9969a75d3910189e5b232f0a41a1ce8371fb?s=256&d=mm&r=g,
padre-joseph-larsen,Padre Joseph Larsen,https://www.ombreeluci.it/en/author/padre-joseph-larsen/,,https://secure.gravatar.com/avatar/e6cd51b6bc6888251e36dd0adece6114061deec6a227fb1d1cd58a3a6e0bdfa6?s=256&d=mm&r=g,
padre-joseph-mihelcic-s-j,Padre Joseph Mihelcic s.j.,https://www.ombreeluci.it/en/author/padre-joseph-mihelcic-s-j/,,https://secure.gravatar.com/avatar/af82271267650a38cc53c7ef62d67c6f94d16801e32cd2b322293460901ef037?s=256&d=mm&r=g,
padre-luciano-larivera,Padre Luciano Larivera,https://www.ombreeluci.it/en/author/padre-luciano-larivera/,,https://secure.gravatar.com/avatar/115c4448adb269e633ab4cafe1ec9de310b41b1b4ebfaf4e8bcf21adbb68b097?s=256&d=mm&r=g,
padre-mario-marazzi,Padre Mario Marazzi,https://www.ombreeluci.it/en/author/padre-mario-marazzi/,,https://secure.gravatar.com/avatar/e8fa98c2a9f4a9f7a1c84286597c3404023194bfb37e94deb8cba9f42e066406?s=256&d=mm&r=g,
paola-angeloro,Paola Angeloro,https://www.ombreeluci.it/en/author/paola-angeloro/,,https://secure.gravatar.com/avatar/707b621ea15c59ed7e48d358517c1666987d509627389bf3bc9f0b437c298d81?s=256&d=mm&r=g,
paola-gini,Paola Gini,https://www.ombreeluci.it/en/author/paola-gini/,,https://secure.gravatar.com/avatar/eddb3f329cd6c2b679372227adc8e8bc3149f0a62f70edbc6da8f30d2bfd16bd?s=256&d=mm&r=g,
paolo-bertolini,Paolo Bertolini,https://www.ombreeluci.it/en/author/paolo-bertolini/,,https://www.ombreeluci.it/wp-content/uploads/2025/02/paolo-bertolini-1-256x256.jpg,
paolo-catapano,Paolo Catapano,https://www.ombreeluci.it/en/author/paolo-catapano/,,https://secure.gravatar.com/avatar/36cf52e9fa3878325a41d9501e27dcea9c0e0841eb32ab908828b0aabac15338?s=256&d=mm&r=g,
paolo-nardini,Paolo Nardini,https://www.ombreeluci.it/en/author/paolo-nardini/,,https://secure.gravatar.com/avatar/12209f9477f8f2b4f5d331b12291f7bba97de6ef3d2bc111596ed8dc46df843c?s=256&d=mm&r=g,
paolo-salvini,Paolo Salvini,https://www.ombreeluci.it/en/author/paolo-salvini/,,https://secure.gravatar.com/avatar/3adfbb911101a1933b4136092f5129c901dc500bc91dbb93b489e06ce58573ee?s=256&d=mm&r=g,
paolo-tantaro,Paolo Tantaro,https://www.ombreeluci.it/en/author/paolo-tantaro/,,https://secure.gravatar.com/avatar/be0c85bed37e7ab824565018c908bfa17ba591781154de059ab541611060041c?s=256&d=mm&r=g,
paolo-tardonato,Paolo Tardonato,https://www.ombreeluci.it/en/author/paolo-tardonato/,,https://secure.gravatar.com/avatar/3c36f46696cd4ba083879fc6ccd4b9fada32180a038bd796476dbc53a6fbe525?s=256&d=mm&r=g,
patrick-thonon,Patrick Thonon,https://www.ombreeluci.it/en/author/patrick-thonon/,,https://secure.gravatar.com/avatar/75f0ba50848d813806a98bddc3db3cd7b370f2f89e0795238d7c2363f8c90bde?s=256&d=mm&r=g,
patriza-di-blasi,Patrizia Di Blasi,https://www.ombreeluci.it/en/author/patriza-di-blasi/,,https://secure.gravatar.com/avatar/97b48f6656b51db4f8a3d522be7322bb1a18c1f5565d2d6b94e6ebf9f9c69e8d?s=256&d=mm&r=g,
patrizia-stacconi,Patrizia Stacconi,https://www.ombreeluci.it/en/author/patrizia-stacconi/,,https://secure.gravatar.com/avatar/c333023d4ba5688f6531159762a6afb32c86769347901ec382733e7068c687da?s=256&d=mm&r=g,
paul-gilbert,Paul Gilbert,https://www.ombreeluci.it/en/author/paul-gilbert/,,https://secure.gravatar.com/avatar/2e57e3b7c13e5f50198b5d5af83c11eb09a00ca7b5d213edcd9e1013bacff411?s=256&d=mm&r=g,
pennablu,Pennablù,https://www.ombreeluci.it/en/author/pennablu/,,https://secure.gravatar.com/avatar/148565797eace5b292f7f039c1842e903a0b5fac4074e7c341c46c71db169a3a?s=256&d=mm&r=g,
pere-bernard-marie-geffroy,Pere Bernard-Marie Geffroy,https://www.ombreeluci.it/en/author/pere-bernard-marie-geffroy/,,https://secure.gravatar.com/avatar/f468c480dfba783ded7877930b82dbfbaf8fbc8b129d57445a908800d38c92c5?s=256&d=mm&r=g,
pere-christian-maheas,Père Christian Mahéas,https://www.ombreeluci.it/en/author/pere-christian-maheas/,,https://secure.gravatar.com/avatar/bae733c32d1c1a61b948e5be81dc2b8bce3d889a322c637b5464d9e69f23c69a?s=256&d=mm&r=g,
pier-giorgio-trancossi,Pier Giorgio Trancossi,https://www.ombreeluci.it/en/author/pier-giorgio-trancossi/,,https://secure.gravatar.com/avatar/e09196af92a24311b854530e8e1fb1ac98d53540c824f1f87389a7684b1b4fa2?s=256&d=mm&r=g,
pierina-formiconi,Pierina Formiconi,https://www.ombreeluci.it/en/author/pierina-formiconi/,,https://secure.gravatar.com/avatar/ad8feb27422c0e1207b8f3a3cbd3e2a033b468e6ec039ec33a1d41884eec3cab?s=256&d=mm&r=g,
pierre-deberge,Pierre Debergé,https://www.ombreeluci.it/en/author/pierre-deberge/,,https://secure.gravatar.com/avatar/f691cd9a969bfc11127f21e7fae2be5de7e699909c6f8a286f721e7dc8def7f5?s=256&d=mm&r=g,
pietro-vetro,Pietro Vetro,https://www.ombreeluci.it/en/author/pietro-vetro/,,https://secure.gravatar.com/avatar/ec33145b6dcadc2eaf9044cfa8c5e99b57a826c0f215b1fea96c34aad0ec6d02?s=256&d=mm&r=g,
raul,Raul Izquierdo,https://www.ombreeluci.it/en/author/raul/,,https://secure.gravatar.com/avatar/764d4411568b121ca674348fbbedfd809068c775e2fc2ddf01b2a645de40121d?s=256&d=mm&r=g,
redazione,Redazione,https://www.ombreeluci.it/en/author/redazione/,,https://www.ombreeluci.it/wp-content/uploads/2017/11/logo-ombre-e-luci-256x256.jpg,
renata-de-pascale,Renata De Pascale,https://www.ombreeluci.it/en/author/renata-de-pascale/,,https://secure.gravatar.com/avatar/ed18aaa51995d381e3e6967062de2b1a45256f96a6b7d0330dea572fc0c7862e?s=256&d=mm&r=g,
rexsamples346,rexsamples346,https://www.ombreeluci.it/en/author/rexsamples346/,,https://secure.gravatar.com/avatar/5de968b105c223e088113867c40d5a0654652e63b0ce39622134051eb26e9815?s=256&d=mm&r=g,
rita-di-nale,Rita Di Nale,https://www.ombreeluci.it/en/author/rita-di-nale/,,https://secure.gravatar.com/avatar/0ccfcacaaeaaeb8d4d6b708d529155db3209a1680a4a525a6659484a0c60131b?s=256&d=mm&r=g,
rita-ozzimo,Rita Ozzimo,https://www.ombreeluci.it/en/author/rita-ozzimo/,,https://secure.gravatar.com/avatar/4025eab0e6e8ec0aa981a81d7b7aa3bee683a18f1f251cdb0195cec368602950?s=256&d=mm&r=g,
roberta-tarantino,Roberta Tarantino,https://www.ombreeluci.it/en/author/roberta-tarantino/,,https://secure.gravatar.com/avatar/abf0c5b14ad33140a5180876ff96fe0b21e022f2bb1b36e18b5b38b32ccafa3b?s=256&d=mm&r=g,
roberto-bertin,Roberto Bertin,https://www.ombreeluci.it/en/author/roberto-bertin/,,https://secure.gravatar.com/avatar/2b585fb6a0fe6f2e82e6d23456e79a0ba5c8ecaa8e7afdd8115bf8017fb09395?s=256&d=mm&r=g,
roberto-brandinelli,Roberto Brandinelli,https://www.ombreeluci.it/en/author/roberto-brandinelli/,,https://secure.gravatar.com/avatar/def6109d8bb00dde249938531b6974277b127bacb28899c9f4b1b91453f7eb9a?s=256&d=mm&r=g,
rogersalbreux,Roger Salbreux,https://www.ombreeluci.it/en/author/rogersalbreux/,,https://secure.gravatar.com/avatar/ea98bad587a1cf2c88cfaf7fd594a67a4a30ce0b95d673cac42aa60f47e1bb0a?s=256&d=mm&r=g,
rosa-maria-sonzini,Rosa Maria Sonzini,https://www.ombreeluci.it/en/author/rosa-maria-sonzini/,,https://secure.gravatar.com/avatar/ba76553e75ad151fbffee5eeef41679353664a99c0b30d66891a69dff17921d4?s=256&d=mm&r=g,
rosalba-di-marco,Rosalba Di Marco,https://www.ombreeluci.it/en/author/rosalba-di-marco/,,https://secure.gravatar.com/avatar/85ff3602a95714ad6cccbf2d4eaea6ca276b810a1c9cafb14fcce341fc4353dd?s=256&d=mm&r=g,
rosamaria-staforte,Rosamaria Staforte,https://www.ombreeluci.it/en/author/rosamaria-staforte/,,https://secure.gravatar.com/avatar/fa7a21dece3dd95cfc626d3503903e114a8333886323ce82df61694d33b3c20e?s=256&d=mm&r=g,
rosita-d-addario-guerra,Rosita Daddato,https://www.ombreeluci.it/en/author/rosita-d-addario-guerra/,,https://secure.gravatar.com/avatar/0c9c09083457a656c43b331efdfde7701405976ee47d9538fecd87d2c1f5b222?s=256&d=mm&r=g,
ruggero-leonardi,Ruggero Leonardi,https://www.ombreeluci.it/en/author/ruggero-leonardi/,,https://secure.gravatar.com/avatar/91f98d19c335504024f3f78c9ece6643cda93e7ad41a3e3c95bda0780dd38b6e?s=256&d=mm&r=g,
salvatore-anastasi,Salvatore Anastasi,https://www.ombreeluci.it/en/author/salvatore-anastasi/,,https://secure.gravatar.com/avatar/c2433ed3e4550040635d970425eab7f3e31a529fecc20d959784d22ebcccce2c?s=256&d=mm&r=g,
salvatore-boccaccio,Salvatore Boccaccio,https://www.ombreeluci.it/en/author/salvatore-boccaccio/,,https://secure.gravatar.com/avatar/f1fc2a49b670338d79e67e1bf496be6b0f68e8867bf04da5d5eec2b376054d22?s=256&d=mm&r=g,
saramcallister,Sara Mc Allister,https://www.ombreeluci.it/en/author/saramcallister/,,https://secure.gravatar.com/avatar/a7ec074f3ca72a670751acc7fa4badc148848d59f4b50309634e5db2c545ae49?s=256&d=mm&r=g,
serena-sillitto,Serena Sillitto,https://www.ombreeluci.it/en/author/serena-sillitto/,,https://secure.gravatar.com/avatar/56fb7d46fddc3eb4fc630f1d3ccdb9c4c2b563f819800e20b39a363567f2985d?s=256&d=mm&r=g,
sergio-de-rino,Sergio De Rino,https://www.ombreeluci.it/en/author/sergio-de-rino/,,https://secure.gravatar.com/avatar/6dc61efe9502abbd830d885e1315d4e5cdaca5d7472cff02b0deb6586a0dc1fd?s=256&d=mm&r=g,
sergio-sciascia,Sergio Sciascia,https://www.ombreeluci.it/en/author/sergio-sciascia/,"Sergio Sciascia, nasce a Torino nel 1937 ma si trasferisce a Roma con la famiglia pochi anni dopo. Fin da piccolo manifesta una spiccata passione per lo scrivere e per il capire le cose che lo circondano, e di questi due aspetti farà il mestiere di una vita. Una collega, amica della primissima Fede e Luce romana, mette in contatto Sergio con Mariangela Bertolini e con l’idea di trasformare il ciclostilato “Insieme”che legava le poche comunità italiane di Fede e Luce in qualcosa di più. Era l’autunno del 1981. Nasceva Ombre e Luci e Sergio accettava di esserne il direttore responsabile.",https://www.ombreeluci.it/wp-content/uploads/1985/03/sergio-sciascia-256x256.jpg,
sergio-zini,Sergio Zini,https://www.ombreeluci.it/en/author/sergio-zini/,,https://secure.gravatar.com/avatar/371c5910c55e6b76b88121c5ee92b864ed3339bec259f156286260c318844f3d?s=256&d=mm&r=g,
silvia-freschi,Silvia Freschi,https://www.ombreeluci.it/en/author/silvia-freschi/,,https://secure.gravatar.com/avatar/766191ab29a3764c456813af3879f694c15ad25380e1bde9bd9692813b477d6c?s=256&d=mm&r=g,
silviatamberi,Silvia Tamberi,https://www.ombreeluci.it/en/author/silviatamberi/,,https://secure.gravatar.com/avatar/f00103744b7798e9e4b235ce73868e9ddf0221884ec6003c5e3dc0696210c477?s=256&d=mm&r=g,
simona-greco,Simona Greco,https://www.ombreeluci.it/en/author/simona-greco/,,https://secure.gravatar.com/avatar/67841be98273c85df9fa121a6b993e578a3d17b625fe57d5c34a10c974031aeb?s=256&d=mm&r=g,
solange-franc,Solange Fanc,https://www.ombreeluci.it/en/author/solange-franc/,,https://secure.gravatar.com/avatar/3298f121a7b846d6c235d58acf9bcd9f9cb3cbc4e3538d88ce168826235c42b0?s=256&d=mm&r=g,
sophie-cluzel,Sophie Cluzel,https://www.ombreeluci.it/en/author/sophie-cluzel/,,https://secure.gravatar.com/avatar/e484774893b411731e11631884c996bee33c33d6d04d05102e1cfa4bcd7ac7d3?s=256&d=mm&r=g,
sophie-lutz,Sophie Lutz,https://www.ombreeluci.it/en/author/sophie-lutz/,,https://secure.gravatar.com/avatar/0ee6016f3cf80fbf5945970e80736005d9cb9c5026cd2a2b42f9c8db38ab2d7a?s=256&d=mm&r=g,
stefano-artero,Stefano Artero,https://www.ombreeluci.it/en/author/stefano-artero/,,https://secure.gravatar.com/avatar/522729a73f8de0977f6e0754d4329b7ddfece323e0c0041554b697ac53ad3a11?s=256&d=mm&r=g,
stefano-atzeni,Stefano Atzeni,https://www.ombreeluci.it/en/author/stefano-atzeni/,,https://secure.gravatar.com/avatar/f474c32620c310ddb335606c981e2d7f4030c2f8920ccd571ad51ebbc660493a?s=256&d=mm&r=g,
stefano-buttinoni,Don Stefano Buttinoni,https://www.ombreeluci.it/en/author/stefano-buttinoni/,,https://secure.gravatar.com/avatar/1de2c380bf1521fcc1b631f26b2f4f9fe4f9601c9a8af0f02d7c0d6fc7001b22?s=256&d=mm&r=g,
stefano-desmazieres,Stefano Desmazieres,https://www.ombreeluci.it/en/author/stefano-desmazieres/,,https://secure.gravatar.com/avatar/ee3ac9428002d5e36546871dbaa112e697ff79f52ec037a10e39cd31addf94ab?s=256&d=mm&r=g,
stefano-di-franco,Stefano Di Franco,https://www.ombreeluci.it/en/author/stefano-di-franco/,,https://secure.gravatar.com/avatar/3d565082bac8bcba17a1045fddc25cc6cdec9766bdc2a00186745ad86731132a?s=256&d=mm&r=g,
stefano-guarino,Stefano Guarino,https://www.ombreeluci.it/en/author/stefano-guarino/,,https://secure.gravatar.com/avatar/b1c6c4cc0e03f40e94ee1db411207348809500a578aed4ce541b748d8c6f8b21?s=256&d=mm&r=g,
stefano-marchetti,Stefano Marchetti,https://www.ombreeluci.it/en/author/stefano-marchetti/,,https://secure.gravatar.com/avatar/63ad3f95cbd506f9410310a7b2deed98b893b9ed8097df507b66c3e11c943b7e?s=256&d=mm&r=g,
stefano-nasuti,Stefano Nasuti,https://www.ombreeluci.it/en/author/stefano-nasuti/,,https://secure.gravatar.com/avatar/5129da4968029c19079bf119a8a9ee17f0a9e9702b13407bd9d18cb970ce2918?s=256&d=mm&r=g,
stefano-pescosolido,Stefano Pescosolido,https://www.ombreeluci.it/en/author/stefano-pescosolido/,,https://secure.gravatar.com/avatar/d5dcfdceabe8af9f19f0a00d81cb5ffebfeebc7be9f57844c82ddb9ed614b09d?s=256&d=mm&r=g,
suor-ida-maria,Suor Ida Maria,https://www.ombreeluci.it/en/author/suor-ida-maria/,,https://secure.gravatar.com/avatar/68ce05703804a878213d03fabe2459440ebc622969579a2603ce08aeb6c327be?s=256&d=mm&r=g,
suor-malgorzata,Suor Małgorzata,https://www.ombreeluci.it/en/author/suor-malgorzata/,,https://secure.gravatar.com/avatar/d91cb7123a71e60bc017ab1aaaee9b355607d36e12ce7bbb13a3bf9f99312215?s=256&d=mm&r=g,
suor-veronica,Suor Veronica Amata Donatello,https://www.ombreeluci.it/en/author/suor-veronica/,,https://secure.gravatar.com/avatar/ea5f50f3d86029911ef8030fa63ca053cde4c21ecf2b5a0506417716c5a97fda?s=256&d=mm&r=g,
tana-pelagallo,Tana Pelagallo,https://www.ombreeluci.it/en/author/tana-pelagallo/,,https://secure.gravatar.com/avatar/f66a333adc94361fab29829a8bb580cfde5c8c85899979d62f25c25a7f8d8962?s=256&d=mm&r=g,
teresa-puerto,Dott.ssa Maria Teresa Puerto,https://www.ombreeluci.it/en/author/teresa-puerto/,,https://secure.gravatar.com/avatar/8793ab4c5fb32f0416458d457ab2fadce57a49dd75bc226d52b83c112fb27c46?s=256&d=mm&r=g,
teresa-rendina,Maria Teresa Rendina,https://www.ombreeluci.it/en/author/teresa-rendina/,,https://secure.gravatar.com/avatar/92691004316aca524513c7ae663abebeab3b37e7422cd28a7e2c75137cf1c0b8?s=256&d=mm&r=g,
teresita-frachey,Teresita Frachey,https://www.ombreeluci.it/en/author/teresita-frachey/,,https://secure.gravatar.com/avatar/9e8b8cdec3de6fcd3548cfe861e7983728c571c8f16a3ec05abbde3be43dcf8b?s=256&d=mm&r=g,
tina-turrini,Tina Turrini,https://www.ombreeluci.it/en/author/tina-turrini/,,https://secure.gravatar.com/avatar/8dfc11f10f8084410f046a5309be421b3e636c9121f1876232165caf8d97ee04?s=256&d=mm&r=g,
tiziana-dambrosio,Tiziana D'Ambrosio,https://www.ombreeluci.it/en/author/tiziana-dambrosio/,,https://secure.gravatar.com/avatar/0d32940c49df269e02e46aacd62f6179e1c1bdbf07b21d8e6f877a4071c7a2f5?s=256&d=mm&r=g,
tommaso-bertolini,Tommaso Bertolini,https://www.ombreeluci.it/en/author/tommaso-bertolini/,,https://secure.gravatar.com/avatar/a99a0b4e96d2d4ae094864e14fd491030c7b187718238e4d702e2c9d9e678160?s=256&d=mm&r=g,
tonino-bello,Don Tonino Bello,https://www.ombreeluci.it/en/author/tonino-bello/,,https://secure.gravatar.com/avatar/bcb13bf82bf9d13d75d7492ea6913405840a0ecc4b37477ced6b5bfd947dea64?s=256&d=mm&r=g,
tony-hulten,Tony Hulten,https://www.ombreeluci.it/en/author/tony-hulten/,,https://secure.gravatar.com/avatar/cca012b81d75121ef65e69d5d5d80fd9dc5ede7b52bb8510d88364c76036cbf3?s=256&d=mm&r=g,
unpapa,Un Papà,https://www.ombreeluci.it/en/author/unpapa/,,https://secure.gravatar.com/avatar/c75734aaff669dc32105ac7de71afc546c5f8e055c7a25a7ea6267d974035643?s=256&d=mm&r=g,
valentina-calabresi,Valentina Calabresi,https://www.ombreeluci.it/en/author/valentina-calabresi/,,https://secure.gravatar.com/avatar/67bd858956abd2b2b33222bf36762b9667e9c3752af9b4ffc6c8c51f3bb945d9?s=256&d=mm&r=g,
valentina-gallo,Valentina Gallo,https://www.ombreeluci.it/en/author/valentina-gallo/,,https://secure.gravatar.com/avatar/2fcdeb415d70500ee537a2884b4c9b99e908530bdce38e430ac89860889c1ead?s=256&d=mm&r=g,
valentina-mari,Valentina Mari,https://www.ombreeluci.it/en/author/valentina-mari/,,https://secure.gravatar.com/avatar/89a2168c5d1111e7d8b5e6a23a5acae6abd2ac79446f047993d7e532ca18f186?s=256&d=mm&r=g,
valentinacamomilla,Valentina Camomilla,https://www.ombreeluci.it/en/author/valentinacamomilla/,,https://secure.gravatar.com/avatar/5ba9062ef6ffa06ce874ef89978e507746c149568957eda1e6223bd7889521fd?s=256&d=mm&r=g,
valeria-adorni-braccesi,Valeria Adorni Braccesi,https://www.ombreeluci.it/en/author/valeria-adorni-braccesi/,,https://secure.gravatar.com/avatar/36c0a347d9464bce4941cb37bd86e1471ce1d0cce15669a6354b7cc64ae96ab2?s=256&d=mm&r=g,
valeria-antonucci,Valeria Antonucci,https://www.ombreeluci.it/en/author/valeria-antonucci/,,https://secure.gravatar.com/avatar/9ac0e0b0ef915e90d38ca7b4484a0150954dc9957b74c7e24568e4b914114fd1?s=256&d=mm&r=g,
valeria-spinola,Valeria Spinola,https://www.ombreeluci.it/en/author/valeria-spinola/,,https://secure.gravatar.com/avatar/5e260b97bc58115c0cb77dd0f43421100933d1c5601ae807cb3c690b016b9915?s=256&d=mm&r=g,
valerialevi,Valeria Levi della Vida,https://www.ombreeluci.it/en/author/valerialevi/,,https://secure.gravatar.com/avatar/ff7bb9871d0fdcbf293a308f1bd1f88850c324fef8b261683858d0c6083b1b23?s=256&d=mm&r=g,
vanna-rossani,Vanna Rossani,https://www.ombreeluci.it/en/author/vanna-rossani/,,https://secure.gravatar.com/avatar/d66d3757b9cdeffc8e9139f57cf9c930e640c3bc8efb93cc185924b37cafea85?s=256&d=mm&r=g,
vincenzo-e-irene-ruisi,Vincenzo e Irene Ruisi,https://www.ombreeluci.it/en/author/vincenzo-e-irene-ruisi/,,https://secure.gravatar.com/avatar/727361182c5b8174857ffad5dc40b838cb4ac3c3cfd44ffa66f325f7bb90d6a5?s=256&d=mm&r=g,
vittore-mariani,Vittore Mariani,https://www.ombreeluci.it/en/author/vittore-mariani/,,https://secure.gravatar.com/avatar/4d007dd6202e3da53cca9d2a552102ff6af0b6f37f2c2f85a82ab8e5c00133e8?s=256&d=mm&r=g,
vittoria-episcopello,Vittoria Episcopello,https://www.ombreeluci.it/en/author/vittoria-episcopello/,,https://secure.gravatar.com/avatar/b4c71b41d2329d18b3bc49f052d0f1986366f8aae4691fa0c277e1802fefe03b?s=256&d=mm&r=g,
vittoria-lombardo,Vittoria Lombardo,https://www.ombreeluci.it/en/author/vittoria-lombardo/,,https://secure.gravatar.com/avatar/8c1d1b5b9cfca4f8a3100b02b4b382c213c9a4ad279134b65d95ee83e25f8796?s=256&d=mm&r=g,
vittorio-paoli,Vittorio Paoli,https://www.ombreeluci.it/en/author/vittorio-paoli/,,https://secure.gravatar.com/avatar/16a1089613cf26fd791331ca68c8a987f658f04574231b74b4fe58c281927049?s=256&d=mm&r=g,
vittorio-scelzo,Vittorio Scelzo,https://www.ombreeluci.it/en/author/vittorio-scelzo/,,https://secure.gravatar.com/avatar/53c21ec6a5aa1b855548d16898e32aa5b9267a93ad8725591fcadc5676c59c11?s=256&d=mm&r=g,
vivi-licciuli,Vivi Licciuli,https://www.ombreeluci.it/en/author/vivi-licciuli/,,https://secure.gravatar.com/avatar/ddaa13dbb13a51842448fb5db3957082da75e46972f2a422eb550314ea8e10e2?s=256&d=mm&r=g,
yvette-bonvin,Yvette Bonvin,https://www.ombreeluci.it/en/author/yvette-bonvin/,,https://secure.gravatar.com/avatar/f4db25a8c035dcd495c83308bc8027178e4bdd49dd41b6725a69672d9f1144a6?s=256&d=mm&r=g
